Мясо;;;;
Говядина Вагю Япония;;;;
Говядина внутренняя часть бедра (Top round) Ushichan Wagyu кат А5 в/у с/м (Япония);11 000 ₽;;;
Говядина пашина (Short plate) Ushichan Wagyu кат А5 в/у с/м (Япония);11 000 ₽;;;
Говядина подлопаточная часть (Chuck Tender) Ushichan Wagyu кат А5 в/у с/м (Япония);22 000 ₽;;;
Говядина ребра передние б/к (Chuck Ribs) Ushichan Wagyu кат А5 в/у с/м (Япония);18 000 ₽;;;
Говядина толстый край (Ribeye) Ushichan Wagyu категория А5 в/у с/м (Япония);27 000 ₽;;;
Говядина тонкий край (Striploin) Ushichan Wagyu категория А5 в/у с/м (Япония);27 000 ₽;;;
Говядина Вагю (стейки) Япония;;;;
Говядина стейк пашины (Short plate) Ushichan Wagyu кат А5 в/у с/м (Япония);22 000 ₽;;;
Говядина стейк подлопаточной части (Chuck Tender) Ushichan Wagyu кат А5 в/у с/м (Япония);22 000 ₽;;;
Говядина стейк ребра б/к (Short Ribs) Ushichan Wagyu кат А5 в/у с/м (Япония);20 000 ₽;;;
Говядина стейк тонкой диафрагмы Ushichan Wagyu кат А5 в/у с/м (Япония);20 000 ₽;;;
Говядина Вагю (премиальные отруба) Япония;;;;
Говядина вырезка (Tenderloin) Ushichan Wagyu категоря А5 в/у с/м (Япония);35 000 ₽;;;
Говядина толстый край (Ribeye) Ushichan Wagyu категория А5 в/у с/м (Япония);30 000 ₽;;;
Говядина тонкий край (Striploin) Ushichan Wagyu категория А5 в/у с/м (Япония);29 000 ₽;;;
Говядина мраморная охл Аргентина (зерновой откорм);;;;
Говядина вырезка (Tenderloin) CRESUD(CP) ANGUS в/у охл (Аргентина);5 500 ₽;;;
Говядина огузок (Cup of rump/Picanha) CRESUD(CP) ANGUS охл (Аргентина);4 200 ₽;;;
Говядина толстый край (Ribeye) CRESUD(CP) ANGUS в/у охл (Аргентина);5 000 ₽;;;
Говядина вырезка (Tenderloin) Cabana Las Lilas (Black Angus) в/у охл (Аргентина);4 700 ₽;;;
Говядина толстый край (Ribeye) Cabana Las Lilas (Black Angus) в/у охл (Аргентина);4 300 ₽;;;
Говядина субпродукты Аргентина ;;;;
Говядина тримминг (Trimming) St Giulia BLACK ANGUS в/у с/м (Аргентина);470 ₽;;;
Говядина с/м;;;;
"Говядина вырезка ""Агролайн"" с/м вес. (Россия)";2 353 ₽;;;
"Говядина вырезка АПК ""РМ"" CHOICE в/у с/м (Россия)";2 072 ₽;;;
Говядина вырезка зачищенная CHOICE, ROSSO с/м .в/у . (Россия);3 330 ₽;;;
"Говядина глазной мускул АПК ""РМ"" с/м в/у (Россия)";888 ₽;;;
"Говядина голяшка на кости (оссобуко) АПК ""РМ"" в/у с/м (Россия)";622 ₽;;;
"Говядина грудинка АПК ""РМ""в/у с/м (Россия)";696 ₽;;;
"Говядина грудинка МПК ""Поставский"" в/у с/м (Беларусь)";613 ₽;;;
"Говядина кость мозговая (лодочки) АПК ""РМ"" в/у с/м (Россия)";150 ₽;;;
"Говядина кость мозговая (пеньки) АПК ""РМ"" с/м в/у (Россия)";100 ₽;;;
"Говядина кость мозговая (суставы) АПК ""РМ""в/у с/м (Россия)";70 ₽;;;
"Говядина лопатка АПК ""РМ"" б/к, в/у с/м (Россия)";858 ₽;;;
"Говядина огузок АПК ""РМ"" в/у с/м (Россия)";784 ₽;;;
"Говядина оковалок АПК ""РМ"" с/м в/у (Россия)";903 ₽;;;
Говядина оссобуко (osso buco) ROSSO н/к в/у c/м (Россия);918 ₽;;;
"Говядина оссобуко (osso buco) АПК ""РМ""в/у с/м (Россия)";666 ₽;;;
"Говядина печень АПК ""РМ"" в/у с/м (Россия)";370 ₽;;;
"Говядина рёбра (Short Ribs) АПК ""РМ"" в/у с/м (Россия)";607 ₽;;;
Говядина стейк (оссобуко) МТ в/у с/м вес (Россия);1 154 ₽;;;
Говядина стейк ковбой PRIME ROSSO н/к в/у с/м (Россия);3 256 ₽;;;
Говядина стейк Томагавк PRIME, ROSSO, н/к, c/м.в/у . (Россия);3 034 ₽;;;
Говядина тримминг 70*30 (Прайм Биф) с/м (Россия);744 ₽;;;
"Говядина фарш классический АПК ""РМ"" Халяль в/у с/м (Россия)";548 ₽;;;
"Говядина хвосты АПК ""РМ"" Халяль в/у с/м (Россия)";474 ₽;;;
"Говядина шейный отруб АПК ""РМ"" с/м в/у (Россия)";799 ₽;;;
"Говядина щечки АПК ""РМ"" в/у с/м (Россия)";932 ₽;;;
Говядина щечки с/м (Россия);1 051 ₽;;;
Язык говяжий с/м (Аргентина);1 075 ₽;;;
Язык говяжий с/м (Парагвай);1 008 ₽;;;
Ягнятина;;;;
Ягненок вырезка (ВП) в/у с/м (Россия);2 516 ₽;;;
Ягненок вырезка (Гермес) в/у с/м (Россия);2 738 ₽;;;
Ягненок вырезка с/м (Россия);1 998 ₽;;;
Ягненок голень задняя часть (АБВ) н/к в/у с/м (Россия);962 ₽;;;
Ягненок голень задняя часть (Гермес) н/к в/у с/м (Россия);881 ₽;;;
Ягненок корейка (ВП) 4 ребра в/у с/м (Россия);1 524 ₽;;;
Ягненок корейка (Дамате) н/к 8 ребер с/м, в/у (Россия);2 886 ₽;;;
Ягненок лопатка (АБВ) без кости, c/м, в/у (Россия);1 140 ₽;;;
Ягненок лопатка (АБВ) на кости, c/м, в/у (Россия);992 ₽;;;
Ягненок лопатка (АМ) б/к c/м в/у (Россия);1 273 ₽;;;
Ягненок окорок жиго (Гермес) б/к с/м ( Россия);1 310 ₽;;;
Ягненок тонкий край балык (АМ) Халяль с/м (Россия);1 376 ₽;;;
Ягненок шея (АБВ) б/к в/у с/м (Россия);1 080 ₽;;;
Ягненок язык с/м (Россия);1 080 ₽;;;
Свинина;;;;
Свинина шея ОМПК б/к с/м (Россия);600 ₽;;;
Кролик;;;;
Кролик печень с/м (Россия);650 ₽;;;
Птица;;;;
Индейка;;;;
Индейки филе грудки (ИНЛ) с/м (Россия);660 ₽;;;
Курица;;;;
Куриная печень ГОСТ лоток с/м (Россия);203 ₽;;;
Куриное бедро б/к ,б/к (Куриное Царство) с/м лоток (Россия);638 ₽;;;
Куриное бедро б/кожи ,б/кости (ПТК) с/м 2,5 пакет ГОСТ (Россия);582 ₽;;;
Куриное бедро б/кожи б/кости РПТ лоток с/м (Россия);483 ₽;;;
"Куриное крыло ( 2 фаланги) ГОСТ с/м 2,5 кг ""ПТК"" (Россия)";366 ₽;;;
"Куриное крыло (3 фаланги) монолит 10кг ""София"" с/м (Россия)";274 ₽;;;
"Куриное филе грудки ""Благояр"" лоток с/м (Россия)";499 ₽;;;
"Куриное филе грудки ""Куриное царство"" лоток с/м (Россия)";616 ₽;;;
"Куриное филе грудки ""Наша Птичка"" лоток (Россия)";352 ₽;;;
"Куриное филе грудки ""Приосколье"" лоток с/м (Россия)";555 ₽;;;
"Куриное филе грудки ""София"" с/м монолит (Россия)";562 ₽;;;
Куриное филе грудки (140 г.) ГОСТ блок 2,5 кг с/м (Россия);672 ₽;;;
Куриное филе грудки РПТ заморож.лоток (Россия);550 ₽;;;
Куриный окорочок Октябрьская ПФ с/м,н/п,с/х (Россия);317 ₽;;;
Цыпленок тушка заморож (Приосколье) 1.2 кг (Россия);377 ₽;;;
Цыпленок тушка заморож (Приосколье) 1.8 кг (Россия);318 ₽;;;
Цыпленок тушка калиброванная (Байсад) 0,8 кг с/м (Россия);349 ₽;;;
Цыпленок тушка калиброванная (Байсад) 0,9 кг с/м (Россия);295 ₽;;;
Цыпленок тушка калиброванная (Корнишон) 400-450 г с/м (Россия);490 ₽;;;
Цыпленок тушка калиброванная (Корнишон) 500 + с/м (Россия);430 ₽;;;
Цыпленок тушка калиброванная (Корнишон) зерн.откорма 500+ гр с/м (Россия);590 ₽;;;
Цыпленок тушка калиброванная (Корнишон) зерн.откорма 600+ гр с/м (Россия);580 ₽;;;
Утка;;;;
Утиная печень Фуа-гра цельная 450-600 с/м (Белоруссия);7 400 ₽;;;
Утиная печень Фуа-гра цельная 600-700 с/м (Россия);6 660 ₽;;;
Утиная печень Фуа-гра эскалоп с/м (Белоруссия);6 808 ₽;;;
Утиная грудка сырокопченая Магрэ с/м (Россия);2 768 ₽;;;
Утиное филе грудки большое с/кожей РП с/м (Россия);1 021 ₽;;;
"Утка тушка (2+) кг заморож ""Улыбино"" (Россия)";465 ₽;;;
"Утка тушка 2+ ""РП"" с/м (Россия)";518 ₽;;;
Гусь тушка (3+) кг с/м (Россия);860 ₽;;;
Перепела;;;;
Перепела тушка калиброванная 200+ пакет с/м (Россия);980 ₽;;;
Перепела филе тушки в/у с/м (Россия);1 650 ₽;;;
Морепродукты;;;;
Гребешок;;;;
Гребешок без икры 10/20 с/м 1кг (Китай);1 500 ₽;;;
Гребешок без икры неотбеленный без глазури ДВ 10/20 с/м 5 кг (Россия);5 050 ₽;;;
Гребешок без икры неотбеленный ДВ 10/20 с/м 5 кг (Россия);4 000 ₽;;;
Гребешок без икры Премиум 10/20 с/м 1кг (Китай);2 800 ₽;;;
Гребешок без икры Премиум 30/40 с/м 1кг (Россия);2 400 ₽;;;
Кальмар;;;;
"Кальмар ""LOLIGO"" (8/10) 1 кг с/м (Китай)";960 ₽;;;
Кальмары Командорские с/м к/коробка 1 кг (Россия);905 ₽;;;
Кальмары мини 40/60 с/м (Вьетнам);875 ₽;;;
Кальмары щупальца с/м вес ( Россия);650 ₽;;;
Краб;;;;
"Мясо королевского краба, конечности целые 3L ""Антей"" (Россия)";3 152 ₽;;;
"Мясо королевского краба, конечности целые 4L ""Антей"" (Россия)";3 226 ₽;;;
"Мясо краба кулак очищенный в/м ""Антей"" 1 кг (Россия)";3 600 ₽;;;
"Мясо краба салатное Премиум, в/м уп 1кг ""Антей"" (Россия)";3 500 ₽;;;
"Мясо краба, 1 фаланга (10-14) в/м ""Антей"" 1 кг (Россия)";6 600 ₽;;;
"Мясо краба, роза в/м ""Антей"" 1 кг (Россия)";3 500 ₽;;;
Мясо краба большой клешни на 2-х когтях (кулак) в/м (Россия);4 100 ₽;;;
Креветки без/головы;;;;
Креветки тигровые 16/20 c/м б/г Vannamei 0,907(без глазури) кг (Эквадор);1 310 ₽;;;
Креветки черные тигровые 13/15 c/м б/г 1 кг (Бангладеш);1 750 ₽;;;
Креветки черные тигровые 16/20 б/г с/м 1кг (Индия);1 400 ₽;;;
Креветки черные тигровые 21/25 Vannamei б/г с/м 1кг (Индия);1 317 ₽;;;
Креветки черные тигровые 26/30 б/г с/м 1кг (Бангладеш);1 370 ₽;;;
Креветки черные тигровые 8/12 c/м б/г 1 кг (Бангладеш);1 960 ₽;;;
Креветки easy peel;;;;
Креветки королевские EASY PEEL 13/15 (7% глазури) б/г с/м 1кг (Бангладеш);2 200 ₽;;;
Креветки королевские EASY PEEL 16/20 (7% глазури) б/г с/м 1кг (Бангладеш);2 000 ₽;;;
Креветки во льду (блок);;;;
Креветки черные тигровые 16/20 б/г Vannamei с/м 1,8 кг (Эквадор);1 400 ₽;;;
Креветки черные тигровые 21/25 б/г Vannamei с/м 1,8 кг (Эквадор);1 350 ₽;;;
Креветки очищенные;;;;
Креветки Vannamei очищ. н/хв.21/25 c/м, 1 кг (Индия);1 400 ₽;;;
Креветки Vannamei очищ. н/хв.26/30 с/м, 1 кг (Индия);1 350 ₽;;;
Креветки с/головой;;;;
Креветка северная углохвостая 140/200 в/м 5 кг (Россия);850 ₽;;;
Креветки северные 80/100 в/м 1кг (Россия);1 800 ₽;;;
Креветки северные шейки H/L c/м 1кг (Россия);3 750 ₽;;;
Креветки черные тигровые 13/15 с/гол с/м 1кг (Бангладеш);1 780 ₽;;;
Креветки черные тигровые 16/20 с/гол с/м 1кг (Бангладеш);1 500 ₽;;;
Креветки черные тигровые 8/12 c/м с/гол 1кг (Бангладеш);2 200 ₽;;;
Креветки красные Лангустино;;;;
Креветки красные C0 (20/40) Лангустино б/гол с/м 2кг (Аргентина);1 292 ₽;;;
Креветки красные С1 (31/50) Лангустино с/м б/гол 2кг (Аргентина);1 450 ₽;;;
Креветки красные L1 (10/20) Лангустино с/гол с/м 2кг (Аргентина);1 160 ₽;;;
Креветки красные L2 (21/30) Лангустино с/м с/гол 2кг (Аргентина);1 004 ₽;;;
Креветки красные глубоководные (Карабинерос);;;;
Креветки красные глубоководные (Carabineros) 15/22 с/м с/гол 1 кг (Египет);12 000 ₽;;;
Креветки красные глубоководные (Carabineros) 23/30 с/м с/гол 1 кг (Египет);10 200 ₽;;;
Креветки красные глубоководные (Carabineros) 31/45 с/м с/гол 1 кг (Египет);9 300 ₽;;;
Креветки красные глубоководные (Carabineros) 46/65 с/м с/гол 1 кг (Египет);8 500 ₽;;;
Креветки красные глубоководные (Carabineros) 66/90 с/м с/гол 1 кг (Египет);6 200 ₽;;;
Креветки;;;;
Креветки (Цикада larg) с/м (Египет);3 100 ₽;;;
Креветки полосатые (Карума) 10/20 с/м 1 кг (Египет);6 000 ₽;;;
Креветки розовые дикие (Mazzancolla) 180/240 очищ с/м 1 кг (Египет);3 000 ₽;;;
Морские деликатесы;;;;
Вонголе 31/40 в/м в/у 0,5 кг (Китай);690 ₽;;;
Каракатица мини 60/80 с/м (Вьетнам);1 150 ₽;;;
Лобстер с/м 1200-1600 (Россия);8 500 ₽;;;
Лобстер с/м 500-800 ( Россия);8 500 ₽;;;
Лобстер с/м 800-1200 (Россия);8 500 ₽;;;
Мидии в голубых раковинах 40/60 в/м 10217 1кг (Чили);500 ₽;;;
Мидии зеленые в половинках раковин 30/45 с/м ,1кг (Китай);1 560 ₽;;;
Мидии мясо 200/300 в/м вес (Чили);650 ₽;;;
Миниосьминожки 40/60 с/м (Вьетнам);940 ₽;;;
Рапана мясо с/м (Россия);650 ₽;;;
Осьминог;;;;
Осьминог 1,5-2 кг с/м Мавритания (Ch);1 900 ₽;;;
Осьминог 1,8-2,7 кг с/м вес (Индонезия);1 700 ₽;;;
Осьминог 2-3 кг с/м (Марокко);2 900 ₽;;;
Осьминог 4-6 кг с/м (Марокко);3 100 ₽;;;
Улитки;;;;
Улитка филе в/м в/у 200 гр шт (Россия);1 000 ₽;;;
Улитки СХ Ассорти в/м в/у 12шт уп (Россия);1 500 ₽;;;
Рыба и Морепродукты охлажденные  /под заказ/;;;;
Рыба Египет (заказ в ср, отгрузка во вт);;;;
Белый сарг (полосатый карась) 300/500 гр охл (Египет);3 250 ₽;;;
Горбыль/Меагр охл (Египет);2 500 ₽;;;
Дорада охл (Египет);3 000 ₽;;;
Желтохвост (Сериола) охл (Египет);5 000 ₽;;;
Зубан охл (Египет);3 500 ₽;;;
Кефаль/Лобан 0,5/1 кг охл (Египет);2 500 ₽;;;
Пагр (Королевская дорада) охл (Египет);3 900 ₽;;;
Сардина 20/30 шт/кг охл (Египет);3 250 ₽;;;
Сибас/Лаврак охл (Египет);3 500 ₽;;;
Рыба Мурманск ;;;;
Лосось охл (Мурманск);под заказ;;;
Лосось филе (семга) МР в/у (trim D) охл (Россия);под заказ;;;
Рыба Марокко  (заказ в ср, отгрузка во вт)          ;;;;
Альфонсино охл (Марокко);6 500 ₽;;;
Ерш морской (Rascasse) охл (Марокко);5 800 ₽;;;
Зубан (Синегрида/Dentex) охл (Марокко);4 850 ₽;;;
Морской дракон (Vive) охл (Марокко);4 300 ₽;;;
Морской черт хвосты (Lotte) охл (Марокко);6 700 ₽;;;
Морской язык тигровый (Tiger) охл (Марокко);5 000 ₽;;;
Пагелл красный (Breika) охл (Марокко);4 500 ₽;;;
Пагр (Pageot) охл (Марокко);5 900 ₽;;;
Петух морской охл (Марокко);5 500 ₽;;;
Сибас дикий (Лаврак) охл (Марокко);6 800 ₽;;;
Солнечник охл (Марокко);5 000 ₽;;;
Тунец полосатый Пеламида (Bonito) охл (Марокко);5 000 ₽;;;
Тюрбо охл (Марокко);6 270 ₽;;;
 Морепродукты Марокко         ;;;;
Кальмар 300+ гр охл (Марокко);5 000 ₽;;;
Креветка красная 100/200 гр/шт охл (Марокко);13 000 ₽;;;
Норвежский омар (Лангустины) охл (Марокко);11 000 ₽;;;
Осьминог охл (Марокко);под заказ;;;
Рифовая рыба Шри-Ланка (заказ в чт, отгрузка в чт/ размеры рыб уточняйте у менеджера) ;;;;
Акула охл (Шри-Ланка);2 542 ₽;;;
Анчоус охл (Шри-Ланка);2 139 ₽;;;
Барракуда охл (Шри-Ланка);2 379 ₽;;;
Барракуда филе охл (Шри-Ланка);2 990 ₽;;;
Баррамунди охл (Шри-Ланка);2 379 ₽;;;
Баррамунди филе охл (Шри-Ланка);3 055 ₽;;;
Группер коричнево-пятнистый охл (Шри-Ланка);2 340 ₽;;;
Группер коричнево-пятнистый филе охл (Шри-Ланка);3 055 ₽;;;
Дорада розовая (Большглазый пентапод) охл (Шри-Ланка);2 373 ₽;;;
Дорада розовая филе (Большглазый пентапод) охл (Шри-Ланка);2 919 ₽;;;
Император охл (Шри-Ланка);2 400 ₽;;;
Индийский лосось охл (Шри-Ланка);2 379 ₽;;;
Кобия охл (Шри-Ланка);2 327 ₽;;;
Кобия филе (центральная часть) охл (Шри-Ланка);3 100 ₽;;;
Кобия филе охл (Шри-Ланка);2 950 ₽;;;
Крылья ската охл (Шри-Ланка);2 379 ₽;;;
Макрель индийская королевская охл (Шри-Ланка);3 200 ₽;;;
Марлин филе б/кожи охл (Шри-Ланка);2 971 ₽;;;
Марлин филе н/коже охл (Шри Ланка);2 750 ₽;;;
Махи-махи охл (Шри-Ланка);2 700 ₽;;;
Махи-махи филе охл (Шри-Ланка);2 720 ₽;;;
Меч-рыба стейк охл (Шри-Ланка);2 700 ₽;;;
Меч-рыба тушка охл (Шри-Ланка);2 945 ₽;;;
Меч-рыба филе охл (Шри-Ланка);2 650 ₽;;;
Морской язык охл (Шри-Ланка);2 444 ₽;;;
Морской язык филе охл (Шри-Ланка);3 206 ₽;;;
Пинджало охл (Шри-Ланка);2 366 ₽;;;
Попугай красный охл (Шри-Ланка);2 500 ₽;;;
Попугай охл (Шри-Ланка);2 542 ₽;;;
"Снэппер ""Blubbery lip"" охл (Шри-Ланка)";2 366 ₽;;;
Снэппер большеглазый красный охл (Шри-Ланка) ;2 574 ₽;;;
Снэппер золотистый (Луциан) охл (Шри-Ланка);2 379 ₽;;;
Снэппер красный охл (Шри-Ланка);2 379 ₽;;;
Снэппер красный филе охл (Шри-Ланка);3 302 ₽;;;
Травели желтоперый охл (Шри-Ланка);2 366 ₽;;;
Цезий охл (Шри-Ланка);2 300 ₽;;;
Тунец;;;;
Тунец ребра н/кости стейки (Big eye) охл (Шри-Ланка);4 400 ₽;;;
Тунец тушка Yellowfin охл (Шри-Ланка);4 200 ₽;;;
"Тунец филе BIG EYE ""Middle Cut"" LOIN А-grade охл (Шри-Ланка)";6 000 ₽;;;
"Тунец филе BIG EYE ""Стейк"" (Шри-Ланка)";6 300 ₽;;;
"Тунец филе LOIN B-grade ""Middle Cut"" охл (Шри-Ланка)";5 100 ₽;;;
"Тунец филе LOIN SASHIMI-grade ""Middle Cut"" охл (Шри-Ланка)";6 500 ₽;;;
"Тунец филе LOINS ""Middle Cut"" охл (Шри-Ланка)";5 400 ₽;;;
Тунец щеки охл (Шри-Ланка);3 500 ₽;;;
Живые молюски   ;;;;
Анадаре вес кг (Россия);990 ₽;;;
Гребешок живой 11см+ ДВ (Россия);1 500 ₽;;;
"Краб Камчатский живой 2/3 кг ""Антей"" Россия";5 950 ₽;;;
"Мидии в голубых раковинах ""Беломорские"" вес кг (Россия)";600 ₽;;;
Модиолусы вес кг (Россия);*;;;
Морской еж живой вес кг (Россия);1 100 ₽;;;
"Ракушки ""Вонголе"" вес кг (Россия)";950 ₽;;;
Спизула вес кг (Россия);990 ₽;;;
Устрицы Намибия;;;;
"Устрица ""Розовая Джоли"" S (Намибия)";260 ₽;;;
"Устрица ""Розовая Джоли"" М (Намибия)";300 ₽;;;
Устрицы Россия;;;;
Устрица Императорская (100-150) вес (Россия);900 ₽;;;
Устрица Императорская 200+ вес (Россия);750 ₽;;;
Устрица Хасанская (100-200) вес (Россия);950 ₽;;;
Устрицы Франция;;;;
Устрица Жилардо №2 (ФР);820 ₽;;;
Устрица Жилардо №3 (ФР);650 ₽;;;
Устрица Жилардо №4 (ФР);550 ₽;;;
Устрица Сант Васт №3 (ФР);400 ₽;;;
Устрица Спесиаль Изиньи № 3 (Speciales Isigny) (ФР);410 ₽;;;
Устрица Спесиаль Олерон (белый жемчуг) №2 (ФР);500 ₽;;;
Устрица Фин Бретань № 3 (Gillardeau Speciakts) (ФР);400 ₽;;;
Устрица Фин де клер Фавье №3 (Fines Favier Earl) (ФР);400 ₽;;;
Устрица Фин Маренн № 3 (ФР);400 ₽;;;
Икра;;;;
Икра чёрная осетровая 50гр ст/б NEW;5 000 ₽;;;
Икра красная лососевая (горбуша) с/м, пл/б 250 г (Россия);1 600 ₽;;;
Икра морского ежа премиум UNI (100 гр) с/м (Россия);5 500 ₽;;;
Рыба с/м;;;;
Дорада 300-400 с/м (Турция);762 ₽;;;
Дорада 400-600 с/м (Турция);777 ₽;;;
Зубатка пёстрая филе на коже в/у с/м (Россия);950 ₽;;;
Калкан Черноморский 3-5 с/м вес (Россия);1 381 ₽;;;
Камбала 0,5-1 б/г с/м (Россия);474 ₽;;;
Камбала 300-500 б/г с/м (Россия);450 ₽;;;
Камбала филе на коже в/у с/м (Россия);918 ₽;;;
Корюшка 20+ н/р с/м,(блок11 кг*2), (Россия);800 ₽;;;
Ледяная рыба тушка 250+ с/м вес (5 кг короб) (Китай);1 411 ₽;;;
Лосось ПСГ Премиум 5-6 с/м(Чили);1 489 ₽;;;
Лосось филе (семга) ~ 1,8 (trim D) с/м ФА (Чили);2 612 ₽;;;
Масляная филе на коже 4-6 с/м (Россия);1 268 ₽;;;
Масляная( Эсколар) филе на коже, с/м. 6+ кг. (Россия);1 263 ₽;;;
Минтай филе б/шкуры с/м 1кг (Россия);467 ₽;;;
Нерка ПБГ (2,4+) с/м вес. (Россия);1 240 ₽;;;
Окунь морской ПБГ 300-500 с/м (Россия);555 ₽;;;
Окунь филе (КН) н/к в/у с/м (Россия);829 ₽;;;
Палтус ПБГ 3+ с/м (Россия);1 598 ₽;;;
Палтус ПБГ 2-3 с/м (Россия);1 466 ₽;;;
Палтус филе (ДКР) 400+ н/к с/м (Россия);1 800 ₽;;;
Палтус филе н/к, с/м, инд/уп 700-900 г (Россия);2 220 ₽;;;
Пикша спинка лойн, с/м, б/к, в/у (Россия);755 ₽;;;
Сельдь 350+ н/р с/г с/м (Фарерские Острова);238 ₽;;;
Сибас 300-400 с/м (Турция);807 ₽;;;
Сибас 400-600 с/м (Турция);807 ₽;;;
Скумбрия 400-600 н/р с/г с/м (Фарерские острова);436 ₽;;;
Ставрида тушка 14+ с/м (Россия);622 ₽;;;
Судак (РБ) НСГ 1000+ с/м (Россия);617 ₽;;;
Судак филе на шкуре 400+ (Альфа М) с/м (Россия);887 ₽;;;
Тилапия филе (Окунь Изумидай) 9/12 унц 5% с/м (Китай);725 ₽;;;
Треска печень с икрой морского ежа ст/б 40 г. (Россия);296 ₽;;;
Треска печень ст/б 350 г. Мурманск (Россия);836 ₽;;;
Треска печень ст/б 500 г. (Россия);1 184 ₽;;;
Треска спинка-Лойн Премиум б/к в/у ш/з 300+ Атлантика с/м (Россия);1 199 ₽;;;
Треска спинка-Лойн Премиум б/к в/у ш/з 500+ Атлантика с/м (Россия);1 325 ₽;;;
Треска спинка-Лойн Премиум б/к в/у ш/з 700+ Атлантика с/м (Россия);1 036 ₽;;;
Треска филе 300-900 без шкуры (РБН) с/м (Россия);844 ₽;;;
Треска филе 300-900 на шкуре (РБН) с/м (Россия);762 ₽;;;
Треска филе 400+ на шкуре с/м (Россия);585 ₽;;;
Тунец филе (торо) 500+ Елоуфинн с/м (Вьетнам);950 ₽;;;
Тунец филе Loin 2,5+ с/м (Китай);1 400 ₽;;;
Тунец филе ААА с/м (500-800) Елоуфинн (Китай);2 200 ₽;;;
Тунец филе ломтики в/у Елоуфинн с/м (Китай);1 050 ₽;;;
Тюрбо полосатый ПБГ 600+ с/м (Мавритания);750 ₽;;;
Угольная рыба 600-1000 (ПБГ) с/м (Россия);1 150 ₽;;;
Угольная рыба филе н/коже с/м 700+ (Россия);2 220 ₽;;;
Угорь жаренный мороженный (20% соус ) в/у 20 унц (Китай);2 338 ₽;;;
Угорь жаренный мороженный (техглазурь) 11-15 унц (блок 5 кг) (Китай);2 753 ₽;;;
Угорь жаренный мороженный 300+ (5% соус ) в/у (Россия);2 368 ₽;;;
Форель радужная ПСГ 250+ с/м (Турция);814 ₽;;;
Хек филе 200+ с/м (Аргентина);709 ₽;;;
Черная треска ПБГ 3+ с/м (Китай);8 140 ₽;;;
"Щука филе без кожи ""СМ"" (10кг) с/м (Россия)";739 ₽;;;
"Щука филе на коже ""СМ"" (10кг) с/м (Россия)";672 ₽;;;
Бакалея;;;;
Боттарга икра ястычная вяленая в натур.воске, вес Россия;*;;;
"Бульон костный говяжий зам ""Деми Гляс""пл/б 3л (Россия)";4 100 ₽;;;
"Бульон креветочный зам ""Биск"" пл/б 1л (Россия)";1 800 ₽;;;
Бульон куриный зам пл/б 3л (Россия);900 ₽;;;
Томаты целые очищ. c/c ж/б (ROSSO GARGANO) 2.55 кг (Италия);950 ₽;;;
Амарантовая продукция;;;;
Масло амарантовое 100% нераф.(первый холодный отжим) 100 мл, сквален 6% Россия;1 500 ₽;;;
Масло горчично-амарантовое 500 мл, Россия;900 ₽;;;
Масло подсолнечное-амарантовое 500 мл, Россия;1 000 ₽;;;
Мука амарантовая крупчатка 1 кг, крафт пакет, Россия;500 ₽;;;
Мука амарантовая с повыш.содержанием белка 1 кг, крафт пакет, Россия;600 ₽;;;
Суши ;;;;
Бобы соевые зеленые Эдамаме, с/м 500 г Россия;252 ₽;;;
Бульон куриный концентрированный жидкий 1кг Китай;1 347 ₽;;;
"Бумага рисовая ""SAFOCO"" 20 листов 300гр";229 ₽;;;
Бумажная подложка 15 см (500 шт);1 243 ₽;;;
Васаби Kizami 0,25 кг с/м (Япония);2 812 ₽;;;
Васаби порошок Wasabits 1 кг (Япония);3 600 ₽;;;
Васаби тертый 505 0,75 кг с/м (Япония);5 500 ₽;;;
"Водоросли ""Ака Тосака"" зелёные в соли, 0,5 кг Япония";1 288 ₽;;;
Водоросли жареные NORI PREMIUM, 100 листов, Корея;2 605 ₽;;;
"Икра летучей рыбы ""Тобико NEO"" (100%) Премиум, красная 0,5 кг, Россия";1 110 ₽;;;
"Икра летучей рыбы ""Тобико NEO"" (100%) Премиум, оранжевая 0,5 кг, Россия";1 258 ₽;;;
"Икра летучей рыбы ""Тобико сан"" (100%) Премиум, зеленая 0,5 кг, Россия";1 702 ₽;;;
"Икра летучей рыбы ""Тобико сан"" (100%) Премиум, черная 0,5 кг, Россия";1 702 ₽;;;
"Икра мойвы ""Масаго "" Премиум, красная Tamaki, 0,5 кг, Россия";857 ₽;;;
"Имбирь маринованный белый «TABUKO"" 1,5 кг, Китай";518 ₽;;;
Каштан водяной консерв. 0,567 кг Китай;385 ₽;;;
Крахмал пшеничный АИСТ 450гр Китай;349 ₽;;;
Кукуруза воздушная Трям соленый 130г;68 ₽;;;
Майонез японский, Kewpie 0,45 кг, Япония;807 ₽;;;
Мальтоза сироп солодовый 0,350 кг Китай;296 ₽;;;
"Паста кисло-сладкая ""Тom Yum "" п/п , 1кг, Россия";641 ₽;;;
Паста Мисо красная Марукоме (РТК) 1кг, (Pro you ara miso) Япония;444 ₽;;;
Паста Мисо светлая Марукоме 1кг, (Pro you shiro miso) Япония;407 ₽;;;
"Паста перцовая острая ""Кочудян"" 0,5кг, Корея";348 ₽;;;
"Паста соевая острая ""Табаджан"" 1 кг, Япония";1 427 ₽;;;
"Паста соевая тёмная ""Organic"" 1кг, Китай";355 ₽;;;
"Пельмени с креветками ""Гедза"" .Тойоми, 0,500кг, Россия";673 ₽;;;
"Пельмени с курицей ""Гедза"" .Тойоми, 0,500кг, Россия";315 ₽;;;
"Пельмени со свининой ""Гедза"" .Тойоми, 0,500кг, Россия";315 ₽;;;
Порошок 13 специй 45 г (Китай);101 ₽;;;
Порошок 5 специй 0,454 кг (Китай);555 ₽;;;
Приправа куриная JIAFENG 1 кг Китай;710 ₽;;;
"Рис для суси ""SHINAKI"" , 25 кг Россия";4 440 ₽;;;
Ростки бамбука целые консерв. 2,950 кг Китай;1 376 ₽;;;
Саке ( соус кулинарный) 18л, Япония;18 500 ₽;;;
Салат из морских водорослей Чука (Китай);1 746 ₽;;;
Сахар леденцовый 0,400 кг Китай;311 ₽;;;
Сахар пальмовый 0,454 кг;355 ₽;;;
Смесь для приготовления темпура (темпурако), 700г Shova Sangyo Япония;681 ₽;;;
Смесь для приготовления Хоккайдо Окономияки, (РТК) 500г Shova Sangyo Япония;570 ₽;;;
"Сок цитрусовый ""Юдзусу"", 200 мл Япония";1 317 ₽;;;
Сок Юдзу 0,30 кг с/м (Япония);4 026 ₽;;;
Соус CHILI GARLIC 3,1 кг Китай;2 930 ₽;;;
"Соус АОДЖИСО ""Kosho"" с листьями шисо (периллы) 1 л, Япония";858 ₽;;;
Соус для шашлыков Сукияки Варишита (РТК), 0,5 л ( Sukiyaki Warishita) Morita, Япония;561 ₽;;;
Соус маринад Кальби Beksul 0,5 л, Корея;482 ₽;;;
Соус основа для супа Мисо острый (РТК) 1,18 л, Daisho Япония;1 421 ₽;;;
Соус основа для супа Сёю-водоросли (РТК) 1,23 л, Daisho Япония;1 421 ₽;;;
Соус основа для супа Тонкоцу (РТК) 1,18 л, Daisho Япония;1 421 ₽;;;
"Соус острый "" Шрирачи"" 0,793 кг США";814 ₽;;;
Соус рыбный 0,7л. Aroy-D, Таиланд;577 ₽;;;
Соус Терияки АСА 1,8 л, Россия;1 687 ₽;;;
Соус устричный PRB 0.510 кг Китай;570 ₽;;;
"Соус цитрусовый ""Понзу"" c добавлением приправ (адзицуке понзу) (РТК) 1,8 л, Япония";1 850 ₽;;;
Соус Якинику для барбекю (РТК) 1,150 л, Daisho Япония;1 125 ₽;;;
Соус-дрессинг крем со вкусом имбиря Kewpie 1 л, Япония;2 035 ₽;;;
Соус-дрессинг крем со вкусом кунжута (Гамадари) Kewpie 1 л, Япония;2 102 ₽;;;
Соус-дрессинг со вкусом Юдзу и соевого соуса Kewpie 1 л, Япония;1 776 ₽;;;
Тесто для спринг-роллов 21,5х21,5 (40 листов) ,0,550 кг,Китай;340 ₽;;;
Уксус Мизкан спиртовой, дистиллированный (РТК) 1,8 л Mizkan, Япония;873 ₽;;;
Уксус рисовый красный, Meiweixian 0,500 мл, Китай;370 ₽;;;
Яичная и безяичная лапша и паста охл;;;;
"Лазанья листы с чернилами каракатицы""СОЛО"" вес (Россия)";622 ₽;;;
"Лазанья листы яичная классическая ""СОЛО"" вес (Россия)";592 ₽;;;
"Лапша Рамен ""СОЛО"" 500г . (Россия)";250 ₽;;;
"Лапша Удон ""СОЛО"" 500г . (Россия)";230 ₽;;;
"Паста Казаречче яичная "" СОЛО"" 500г . (Россия)";250 ₽;;;
"Паста Капеллини (классические) "" СОЛО"" 500г . (Россия)";250 ₽;;;
"Паста Пенне ригате (классические) "" СОЛО"" 500г . (Россия)";250 ₽;;;
"Паста Спагетти яичные ""СОЛО"" 500г . (Россия)";250 ₽;;;
"Паста Тальолини (классические) "" СОЛО"" 500г . (Россия)";250 ₽;;;
"Паста Фетучини (классические) ""СОЛО"" 500 г . (Россия)";250 ₽;;;
"Равиоли с белыми грибами и рикоттой ""СОЛО"" 500г . (Россия)";474 ₽;;;
"Равиоли с ветчиной и пармезаном ""СОЛО"" 500г . (Россия)";444 ₽;;;
"Равиоли с моцареллой ""СОЛО"" 500г . (Россия)";414 ₽;;;
"Равиоли с рикоттой и шпинатом ""СОЛО"" 500г . (Россия)";450 ₽;;;
* яичная/безяичная/цветная (шпинат/чернила каракатицы);;;;
Молочная продукция;;;;
"Масло сладкосливочное 82,5% ""Молочный Мир"" 20 кг (Беларусь)";1 050 ₽;;;
"Масло сливочное ""Традиционное"" 82,5% Дивеево вес кг (Россия)";1 250 ₽;;;
Сыры;;;;
Сыр Буррата 0,125 кг (Россия), шт;210 ₽;;;
Сыр Буррата 0,150 кг (Россия), шт;250 ₽;;;
Сыр Моцарелла для пиццы в рассоле 3 кг (Россия), шт;3 200 ₽;;;
Сыр Страчателла 0,250 кг (Россия), шт;400 ₽;;;
Грибы и овощи;;;;
Белый гриб целый экстра (2-4) с/м 12 кг (Россия);1 300 ₽;;;
Горох стручковый (ARDO) с/м (Китай);402 ₽;;;
Картофель фри 9 мм 2,5 кг (Турция);400 ₽;;;
Каштан натуральный обжаренный (ARDO) 1кг (Китай);900 ₽;;;
Хлебобулочные и кондитерские п/ф;;;;
Багет мультизлаковый 280г*30 коробка (Россия);3 017 ₽;;;
Багет французский 230г*30 коробка (Россия);1 689 ₽;;;
"Булочка ""Пражская"" 40г*80 коробка (Россия)";1 141 ₽;;;
Булочка картофельная 70 г* 40 коробка (Россия);1 213 ₽;;;
Булочка мультизлаковая 40г*80 коробка (Россия);1 454 ₽;;;
Булочка пети паве сельская ГКВ 43г*190 коробка (Франция);5 430 ₽;;;
Булочка французская 40г*80 коробка (Россия);822 ₽;;;
Мини круассан злаковый с семенами ГКВ 30г*100 коробка (Франция);5 185 ₽;;;
Тесто слоеное (Банкет д Ор) короб (0,625кг*16шт) с/м (Бельгия);12 237 ₽;;;
Тесто слоеное (Черемушки) короб (0,500кг*20шт) с/м (Россия);2 812 ₽;;;
Хлеб Чиабатта 265г*15 коробка (Россия);1 222 ₽;;;
Хлеб Чиабатта темная 265г*15 коробка (Россия);1 157 ₽;;;
Мороженое/ сорбеты Dulce de Leche;;;;
Мороженое Ваниль на желтках Dulce de Leche 1,5 кг (Россия);2 300 ₽;;;
Мороженое Ванильное (твердое) Dulce de Leche 1,8 кг (Россия);2 600 ₽;;;
Мороженое Карамельное с солью Dulce de Leche 1,8 кг (Россия);2 800 ₽;;;
Мороженое Клубничное Dulce de Leche 1,8 кг (Россия);2 300 ₽;;;
Мороженое Лимонное с цукатами Dulce de Leche 1,8 кг (Россия);2 600 ₽;;;
Мороженое Малина Dulce de Leche 1,8 кг(Россия);2 900 ₽;;;
Мороженое Манго Dulce de Leche 1,8 кг (Россия);2 600 ₽;;;
Мороженое Пломбир Dulce de Leche 1,5 кг (Россия);2 000 ₽;;;
Мороженое Фисташковое Dulce de Leche 1,8 кг (Россия);3 100 ₽;;;
Мороженое Шок. с чипсами темного шоколада VALRHONA Dulce de Leche 1,9 кг (Россия);2 400 ₽;;;
Мороженое Шоколадное Dulce de Leche 1,8 кг (Россия);2 100 ₽;;;
Сорбет Зеленое яблоко Dulce de Leche 1,9 кг (Россия);2 150 ₽;;;
Сорбет Клубника Dulce de Leche 1,9 кг (Россия);2 700 ₽;;;
Сорбет Кокос Dulce de Leche 1,8 кг (Россия);3 900 ₽;;;
Сорбет Лайм Dulce de Leche 1,9 кг (Россия);2 000 ₽;;;
Сорбет Лимон Dulce de Leche 1,8 кг (Россия);2 000 ₽;;;
Сорбет Малина Dulce de Leche 1,8 кг (Россия);3 500 ₽;;;
Сорбет Манго Dulce de Leche 1,8 кг (Россия);2 650 ₽;;;
Сорбет Манго-Маракуйя Dulce de Leche 1,8 кг (Россия);2 700 ₽;;;