18 сентября 2023 г. 10:06:44;;;;
Прайс-Лист;;;;
Консервация Хорека;;;;
Ананасы колечки 3100мл(6шт) ж/б / Консервация Хорека / 3,1 / 6 / Бояринъ;шт;15,00;659,00;
Ананасы колечки 580мл(24шт) Lofe / Консервация Хорека / 0,58 / 24 / Тайланд;шт;81,00;159,00;
Ананасы кусочки 580мл(24шт) Nov / Консервация Хорека / 0,58 / 24 / Принцесса Вкуса;шт;65,00;108,00;
"Анчоусы филе в масле ""Delicius"" ст/б 0,078кг(12шт) / Консервация Хорека / 0,078 / 12 / Италия";шт;107,00;278,00;
Анчоусы филе в масле МIKELE  ж/б 0,7/0,4 кг(12шт) / Консервация Хорека / 0,7 / 12 / Италия;шт;28,00;2 403,00;
Вишня коктейл.с/б.720мл(12шт) / Консервация Хорека / 0,72 / 12 / Бояринъ;шт;96,00;386,00;
Горчица Дижонская пл/вед. Сhatel 1кг(6шт) / Консервация Хорека / 1 / 6 / Франция;шт;151,00;508,00;
Горчица Зернистая пл/вед. Сhatel 1кг(6шт) / Консервация Хорека / 1 / 6 / Франция;шт;68,00;544,00;
Каперсы Antica Napoli в уксусе с ножкой  0,720мл(12шт) / Консервация Хорека / 0,72 / 12 / Турция;шт;62,00;443,00;
Каперсы Antica Napoli в уксусе ст/б. 0,720мл(6шт) / Консервация Хорека / 0,72 / 6 / Турция;шт;48,00;406,00;
Маслины резаные 3100мл ж/б / Консервация Хорека / 3,1 / 6 / Бояринъ;шт;27,00;840,00;
Молоко кокосовое AROY-D 1 л / Консервация Хорека / 1 / 12 / Индонезия;шт;525,00;316,00;
Молоко кокосовое AROY-D 400мл ж/б / Консервация Хорека / 0,4 / 24 / Индонезия;шт;333,00;151,00;
Молоко кокосовое AROY-D т/п 500мл / Консервация Хорека / 0,5 / 24 / Индонезия;шт;328,00;171,00;
Огурцы 6-9см 3100мл (4шт) ж/б / Консервация Хорека / 3,1 / 4 / Бояринъ;шт;56,00;493,00;
Огурцы Слайсы 4250мл(3шт) ж/б / Консервация Хорека / 4,25 / 3 / Бояринъ;шт;26,00;814,00;
Оливки б/к ж/б 3100мл(6шт) ж/б / Консервация Хорека / 3,1 / 6 / Бояринъ;шт;18,00;934,00;
Перец Халапеньо резан. зелен. маринов. 3,1кг ж/б Бояринъ / Консервация Хорека / 3,1 / 6 / Бояринъ;шт;202,00;560,00;
Персики половинки в сиропе 3100мл(6шт) / Консервация Хорека / 3,1 / 6 / Бояринъ;шт;12,00;709,00;
"Пицца соус ""IL PIZZAIOLLO"" 4,05 кг (3 шт) / Консервация Хорека / 4,05 / 3 / Италия";шт;140,00;1 098,00;
Сливки кокосовые (крем) 20% AROY-D 560мл ж/б / Консервация Хорека / 0,56 / 24 / Тайланд;шт;12,00;257,00;
Томаты вяленые в масле 1,5кг(6шт) ст/б  Antica Napoli / Консервация Хорека / 1,5 / 6 / Италия;шт;23,00;1 284,00;
Томаты вяленые в масле 1,5кг(6шт) ст/б  Bella Contadina / Консервация Хорека / 1,5 / 6 / ;шт;47,00;1 305,00;
Томаты очищ. целые в том.соке ARTIGIANO 2,5кг(6шт) / Консервация Хорека / 2,5 / 6 / Италия;шт;422,00;578,00;
"Тунец филе в с/с ""Artigiano"" ж/б 1,7кг (6шт) / Консервация Хорека / 1,7 / 6 / ";шт;1,00;1 293,00;
Шампиньоны резаные 3100мл(6шт) ж/б Bosco di Funghi / Консервация Хорека / 3,1 / 6 / Китай;шт;32,00;672,00;
Хлеб.изделия;;;;
Багет для французcкого хот-дога 60гр 1кор/50шт/3кг / Хлеб.изделия / 0,06 / 50 / CaBare bakers;шт;4 600,00;16,00;
Булка д/гамб б/кунж 100 мм 52гр(45шт) CaBare bakers / Хлеб.изделия / 0,052 / 45 / CaBare bakers;шт;1 890,00;12,50;
Булка д/гамб Бриошь 125 мм 0,082(36шт) Cabare Bakers / Хлеб.изделия / 0,082 / 36 / CaBare bakers;шт;5 976,00;21,50;
Булка д/гамб с кунж. 100 мм 52гр(45шт) CaBare bakers / Хлеб.изделия / 0,052 / 45 / CaBare bakers;шт;6 480,00;13,50;
Булка д/гамб с кунж. 125 мм 82гр(36шт) CaBare bakers / Хлеб.изделия / 0,082 / 36 / CaBare bakers;шт;21 168,00;17,00;
Булка для датского хот-дога с кунж. 60гр(54шт) CaBare bakers / Хлеб.изделия / 0,06 / 54 / CaBare b;шт;10 530,00;14,00;
Булка с солодом и кориандром (Ароматная) 40гр(80шт) CaBare bakers / Хлеб.изделия / 0,04 / 80 / CaBare bakers;шт;8 640,00;10,50;
Булочка Ароматная 40гр(40шт) / Хлеб.изделия / 0,04 / 40 / ;шт;1 040,00;10,00;
Булочка для бургера Картофельная 52гр (210665) / Хлеб.изделия / 0,052 / 48 / Россия;шт;336,00;21,50;
Булочка Зерновая полувыпеченная 35гр(33шт) / Хлеб.изделия / 0,035 / 33 / ;шт;198,00;10,50;
Булочка французкая белая 40гр(80шт) CaBare bakers / Хлеб.изделия / 0,04 / 80 / CaBare bakers;шт;6 480,00;10,00;
Булочка Шварцброт 40гр(40шт) / Хлеб.изделия / 0,04 / 40 / ;шт;600,00;9,00;
Основа для римской пиццы 20х30 см 200гр Repins Parbaket / Хлеб.изделия / 0,2 / 20 / ;шт;40,00;59,50;
Тесто для пельменей Гёдза 54л 300г / Хлеб.изделия / 0,3 / 20 / ;шт;14,00;327,00;
Тесто Филло 500г(9шт) / Хлеб.изделия / 0,5 / 9 / ;шт;18,00;118,00;
"Тортилья 10-дюйм (25см) Сырная ООО ""БИМБО"" 1*6(18) 1,17кг 46077 / Хлеб.изделия / 1,17 / 6 / ";шт;3,00;330,50;
Тортилья 10-дюйм пшеничная 800 гр (12 блинов) зам. 25см (10шт) Mission / Хлеб.изделия / 0,8 / 10 / ;шт;221,00;131,50;
Хлеб Баварский 260гр / Хлеб.изделия / 0,26 / 20 / ;шт;720,00;48,00;
Чиабатта Пшеничная 110гр (55шт) / Хлеб.изделия / 0,11 / 55 / Русь Бейкери;шт;605,00;24,00;
Наша птичка зам;;;;
"БЕДРО ЦБ Халяль ""БЛАГОЯР"" зам. лоток ~ 8кг / Наша птичка зам /  / 8 / ТПК";кг;76,01;236,76;
"ГРУДКА КУР ""БЛАГОЯР"" зам. лоток ~8кг / Наша птичка зам /  / 8 / ТПК";кг;119,83;280,00;
"ЖЕЛУДКИ ЦБ ""БЛАГОЯР""  зам. лоток 0,9кг / Наша птичка зам / 0,9 / 10 / ТПК";шт;388,00;116,50;
"КРЫЛО ЦБ ""БЛАГОЯР""зам. вес.~ 8кг / Наша птичка зам /  / 8 / ТПК";кг;156,01;271,42;
"ПЕЧЕНЬ ЦБ ""БЛАГОЯР"" зам. лоток 0,9кг (М315) / Наша птичка зам / 0,9 / 10 / ТПК";шт;75,00;140,28;
"СЕРДЦЕ ЦБ ""БЛАГОЯР"" зам. лоток 0,9 кг / Наша птичка зам / 0,9 / 10 / Тверской бройлер";шт;98,00;255,46;
Блинчики;;;;
"Блины ""Сытый папа"" с рубл. ветчиной и сыром 5кг / Блинчики / 5 / 1 / Лина ООО";шт;17,00;1 002,66;
"Оладьи ""С Пылу с Жару""  4кг / Блинчики / 4 / 1 / Лина ООО";шт;13,00;;
Вареники;;;;
Вареники с картофелем и грибной солянкой 15гр. 0,7кг*8 / Вареники / 0,7 / 8 / Щелковский МПК;шт;212,00;-;
Вареники с картофелем и зеленью 15гр. 0,7кг*8 / Вареники / 0,7 / 8 / Щелковский МПК;шт;184,00;-;
Зареченские продукты ;;;;
Ветчина Нежная КОЛБАСНЫЙ СТАНДАРТ ~1,3 / Зареченские продукты /  / 10,5 / Зареченские продукты;кг;484,04;292,00;
Молочные продукты охл;;;;
Взбитые сливки Bianca Lieve 0,25 кг / Молочные продукты / 0,25 / 12 / Италия;шт;243,00;237,50;
"Крем растительный ""Шантипак"" 26% 1 л / Молочная продукция / 1 / 12 / Россия";шт;106,00;260,00;
Мясные прод. Хорека зам;;;;
Говядина мрамор Стейк Нью Йорк тонкий край TOP CHOICE ~0,2кг / Мясные прод. Хорека зам /  / 10 / Гурманин ООО;кг;2,59;1 955,50;
Грудинка свиная с/к 500гр / Мясные прод. Хорека зам / 0,5 / 20 / Аргус ООО;шт;5,00;226,50;
Грудка курин. в/к зам  в/у ~0,4-0,8кг / Мясные прод. Хорека зам /  / 1 / Павловская курочка;кг;538,86;374,00;
Котлеты из говядины с солью и перцем 100мм 90 гр (~5кг) / Мясные прод. Хорека зам /  / 5 / Россия;кг;122,17;452,50;
Котлеты из говядины с солью и перцем 120мм 90 гр (~5кг) / Мясные прод. Хорека зам /  / 5 / Россия;кг;44,28;452,50;
Котлеты из мяса птицы рубл. 1 кг. ПФ 100 / Мясные прод. Хорека зам / 1 / 16 / ;шт;215,00;385,00;
Крылышки кур. острые в панировке с/м / Мясные прод. Хорека зам /  / 8 / Баффало;кг;392,00;452,00;
Наггетсы кур 15шт*1,115 кг (16,725кг) Хрустящие / Мясные прод. Хорека зам / 1,115 / 15 / Компас Фудс;шт;1 516,00;428,50;
Пепперони с/к колбаса полусухая 500г Таганский МК / Мясные прод. Хорека зам / 0,5 / 24 / Таганский Мясокомбинат;шт;1 243,00;288,50;
Пепперони с/к нарезка зам 1кг(8шт) / Мясные прод. Хорека зам / 1 / 8 / Ремит;шт;265,00;744,50;
Сосиски для хот-дога из говядины 0,75 кг / Мясные прод. Хорека зам / 0,75 / 12 / Ремит;шт;26,00;685,00;
Сосиски для хот-дога из свинины 0,75 кг / Мясные прод. Хорека зам / 0,75 / 12 / Ремит;шт;84,00;437,00;
Сосиски Чикен-спайси в/у 0,75 кг / Мясные прод. Хорека зам / 0,75 / 12 / Ремит;шт;242,00;424,00;
"Стрипсы куриные ""Strips Оригинальные"" с/м  1,115 кг пакет / Мясные прод. Хорека зам / 1,115 / 15 / Компас Фудс";шт;190,00;452,50;
Утиная грудка филе подложка с/м Озерка ~0,5 кг(12шт) / Мясные прод. Хорека зам /  / 12 / Новые Утиные Фермы;кг;46,07;869,00;
Утиный окорочок подложка с/м ТД Улыбино ~1 кг / Мясные прод. Хорека зам /  / 1 / Россия;кг;0,02;563,50;
ТМ Печагин;;;;
Горчица Русская Pechagin Professional ведро 1кг / ТМ Печагин / 1 / 6 / Печагин;шт;87,00;107,00;
Кетчуп Томатный 1кат Pechagin Professional ведро 5кг / ТМ Печагин / 5 / 1 / ;шт;164,00;751,00;
Кетчуп Шашлычный 2 кат. OLFOOD 5кг / ТМ Печагин / 5 / 1 / Печагин;шт;50,00;427,00;
Майонез Pechagin Professional Extra 67% ведро 4,7кг / ТМ Печагин / 4,7 / 1 / Печагин;шт;451,00;707,00;
Майонез Pechagin Professional Profi 56% 10л / ТМ Печагин / 10 / 1 / ;шт;139,00;1 366,00;
Майонез Pechagin Professional Profi 67% 10л / ТМ Печагин / 10 / 1 / Печагин;шт;697,00;1 334,00;
Майонез Pechagin Professional Profi 67% 3л / ТМ Печагин / 3 / 1 / Печагин;шт;60,00;495,00;
Майонез Pechagin Professional Profi 67% 5л / ТМ Печагин / 5 / 1 / Печагин;шт;354,00;755,00;
Пицца Соус классич Pechagin Professional 5кг ведро / ТМ Печагин / 5 / 1 / Печагин;шт;112,00;849,00;
Пицца Соус с базиликом Pechagin Professional 5кг ведро / ТМ Печагин / 5 / 1 / ;шт;190,00;762,00;
Соус томатный по-грузински Pechagin 5кг / ТМ Печагин / 5 / 1 / Печагин;шт;7,00;666,00;
Томатная паста Pechagin Professional ведро 10кг / ТМ Печагин / 10 / 1 / Печагин;шт;31,00;1 946,00;
Томатная паста Pechagin Professional ведро 1кг(6шт) / ТМ Печагин / 1 / 6 / Печагин;шт;145,00;219,00;
Томатная паста Pechagin Professional ведро 5кг / ТМ Печагин / 5 / 1 / Печагин;шт;157,00;1 030,00;
Хрен Столовый ведро 1 кг / ТМ Печагин / 1 / 6 / ;шт;90,00;176,00;
Мясные прод. Хорека зам;;;;
Грудинка свиная ПРИМ с/к ~1 кг / Мясные прод. Хорека зам /  / 1 / Аргус ООО;кг;0,22;-;
Мясорезка охл;;;;
"Грудинка соленая ""Казачья"" в/у / Мясорезка охл /  / 1 / Молвилль";кг;9,00;418,00;
Сибирская ПК;;;;
"Домашняя п/к ""Сибирский стандарт""(черев) (с ср.защ.атм.)1,0кг / Сибирская ПК /  / 1 / Сибирская ПК";кг;141,63;;
"Классическая с/к ""Сибирский стандарт"" 0,56кг/шт / Сибирская ПК / 0,56 / 1 / Сибирская ПК";шт;864,00;;
"Колбаски БОЛЬШИЕ МЯСЬОНЫ с/к ""Сибирский стандарт"" 0,3 кг/шт(в ср.защ.атм.) / Сибирская ПК / 0,3 / 1 / Сибирская ПК";шт;1 100,00;;
Оригинальная с перцем с/к 0,56 кг/шт. / Сибирская ПК / 0,56 / 1 / Сибирская ПК;шт;1 116,00;;
Праздничная с/к 0,56 кг/шт. / Сибирская ПК / 0,56 / 1 / Сибирская ПК;шт;1 520,00;;
"Сосиски ""БОЛЬШАЯ сосиска"" ""Сибирский стандарт""(лоток с ср.защ.атм.) / Сибирская ПК /  / 1 / Сибирская ПК";кг;184,94;;
RussHoreca;;;;
Зеленый горошек ж/б 400 гр. / RussHoreca / 0,4 / 12 / RUSSHORECA;шт;183,00;62,50;
Кукуруза сахарная ж/б 400 гр. / RussHoreca / 0,4 / 12 / RUSSHORECA;шт;391,00;62,50;
Маслины б/к Premium 300мл. / RussHoreca / 0,28 / 12 / Испания;шт;8 581,00;79,00;
Оливки б/к Premium 300мл. / RussHoreca / 0,28 / 12 / Испания;шт;1 333,00;80,00;
Фасоль красная натуральная ж/б 400 гр. / RussHoreca / 0,4 / 12 / RUSSHORECA;шт;183,00;51,00;
Япон.кухня свтф;;;;
Имбирь мар.роз LUX NEW opt 1400гр. / Япон.кухня / 1,4 / 10 / Китай;шт;606,00;120,50;
Хайнц;;;;
"Кетчуп ""Хайнц"" томатный 2кг*6шт(балк) / Хайнц / 2 / 6 / Хайнц";шт;314,00;566,00;
"Соус ""Хайнц"" барбекью 1кг*6шт (балк) / Хайнц / 1 / 6 / Хайнц";шт;57,00;464,50;
"Соус ""Хайнц"" барбекью 25мл*125 шт / Хайнц / 0,025 / 125 / Хайнц";шт;1 750,00;15,20;
"Соус ""Хайнц"" горчичный 2кг*6шт (балк) / Хайнц / 2 / 6 / Хайнц";шт;44,00;986,50;
"Соус ""Хайнц"" Гриль 1кг*6шт (балк) / Хайнц / 1 / 6 / Хайнц";шт;33,00;596,50;
"Соус ""Хайнц"" сырный 1кг*6шт (балк) / Хайнц / 1 / 6 / Хайнц";шт;272,00;536,50;
"Соус ""Хайнц"" Цезарь 2кг*6шт (балк) / Хайнц / 2 / 6 / Россия";шт;11,00;858,50;
"Соус ""Хайнц"" чесночный 25мл*125 шт 3,06 / Хайнц / 0,025 / 125 / Хайнц";шт;2 250,00;15,20;
"Соус ""Хайнц"" Чесночный Ранч 1кг*6шт (балк) / Хайнц / 1 / 6 / Хайнц";шт;8,00;542,00;
Япон.кухня зам;;;;
"Кларий жар в с/соусе ""ООО Панинское"" ~12 / Япон.кухня зам /  / 12 / ООО Панинское";кг;31,10;905,00;
"Кларий жареный в соевом соусе Унаги 0,4-0,9кг""ООО Балык"" ~14 кг / Япон.кухня зам /  / 14 / Балык ООО";кг;173,82;830,50;
Окунь изумидай RISMA 9-11 унц. / Япон.кухня зам /  / 10 / Китай;кг;12,98;642,00;
Тунец Yellowfin Loin Аками ~2кг+ / Япон.кухня зам /  / 25 / Вьетнам;кг;15,66;1 003,50;
Тунец Yellowfin Saku AAA 500-800 / Япон.кухня зам /  / 10 / Вьетнам;кг;88,08;1 739,50;
Угорь жар замор c/соусом ~500гр RISMA Platinum 2*5кг / Япон.кухня зам /  / 10 / Китай;кг;0,00;1 799,50;
Угорь жар замор NIJI PLATINUM в/у соус 10% / Япон.кухня зам /  / 10 / Китай;кг;0,13;1 943,00;
Филе Масляной х/к ~1,3-1,6 / Япон.кухня зам /  / 10 / Дзержинский;кг;55,49;952,00;
Мясные прод. Хорека охл;;;;
"Колбаски ""Охотничьи"" копченые п/к в/у ~1  кг / Мясные прод. Хорека охл /  / 1 / Масловские колбасы";кг;2,83;362,50;
Доброфлот зам;;;;
"Котлеты рыбные ""Аппетитные"" в панировке 5кг Е / Доброфлот зам /  / 5 / Южморрыбфлот";кг;130,00;105,00;
Палочки рыбные Приморские (минтай)  5кг / Доброфлот зам /  / 5 / Южморрыбфлот;кг;20,00;120,00;
СоюзСнаб;;;;
Маринад Барбекю DEL AR 1 кг / СоюзСнаб /  / 20 / Союзснаб;кг;3,00;643,50;
Конд. ингредиенты Хорека;;;;
Маршмеллоу solo Zerfer 40гр(30шт) / Конд. ингредиенты Хорека / 0,04 / 1 / ;шт;20,00;20,50;
Пюре Абрикос Фрут Руж и Ко 1кг(6шт) / Конд. ингредиенты Хорека / 1 / 6 / ;шт;2,00;833,50;
Пюре Банан Фрут Руж и Ко 1кг(6шт) / Конд. ингредиенты Хорека / 1 / 6 / Франция;шт;5,00;672,50;
Пюре Клубника Фрут Руж и Ко 1кг(6шт) / Конд. ингредиенты Хорека / 1 / 6 / Франция;шт;2,00;736,00;
Пюре Кокос Фрут Руж и Ко 1кг(6шт) / Конд. ингредиенты Хорека / 1 / 6 / ;шт;4,00;926,00;
Пюре Красный Апельсин Фрут Руж и Ко 1кг(6шт) / Конд. ингредиенты Хорека / 1 / 6 / Франция;шт;5,00;871,00;
Пюре Манго Альфонсо Фрут Руж и Ко 1кг(6шт) / Конд. ингредиенты Хорека / 1 / 6 / Франция;шт;49,00;928,00;
Пюре Маракуйя Фрут Руж и Ко 1кг(6шт) / Конд. ингредиенты Хорека / 1 / 6 / Франция;шт;44,00;1 167,50;
Пюре Черная Смородина Фрут Руж и Ко 1кг(6шт) / Конд. ингредиенты Хорека / 1 / 6 / Франция;шт;5,00;774,00;
Топпинг-сироп Карамель 1кг Royal Cane / Конд. ингредиенты Хорека / 1 / 6 / ;шт;28,00;264,50;
Топпинг-сироп Клубника 1кг Royal Cane / Конд. ингредиенты Хорека / 1 / 6 / ;шт;25,00;265,00;
ЭФКО-Каскад;;;;
Масло подсол.раф.дезод. в/с вымороженное EFKO FOOD 1 л / ЭФКО-Каскад / 1 / 15 / Эфко-Каскад ООО;шт;565,00;109,00;
Конд. ингред. Хорека охл;;;;
Мед Цветочный 1кг / Конд. ингред. Хорека охл / 1 / 8 / Россия;шт;272,00;231,50;
Десерты Хорека;;;;
Морож Дольче Латте Банан с шок и минд. 3кг/Русский Холод (арт.БШГ) / Десерты Хорека / 3 / 1 / ;шт;1,00;1 761,50;
Морож Дольче Латте Ваниль бурбон 12% 3кг/Русский Холод (арт.ГВБ12%) / Десерты Хорека / 3 / 1 / ;шт;2,00;1 622,00;
Морож Дольче Латте Клубника со сливками 12% 3кг/Русский Холод (арт.ГКС) / Десерты Хорека / 3 / 1 / ;шт;1,00;1 619,00;
Морож Дольче Латте Тирамису 3кг/Русский Холод (арт.ГТМ) / Десерты Хорека / 3 / 1 / ;шт;1,00;1 678,00;
Морож Дольче Латте Фисташка 12% 3кг/Русский Холод (арт.ФИС) / Десерты Хорека / 3 / 1 / ;шт;2,00;1 708,00;
Мороженое от Деда Мороза клубника с ЗМЖ лоток 2,2кг (1325) / Десерты Хорека / 2,2 / 1 / ;шт;92,00;420,00;
Печенье Савоярди сахарное для тирамису  TM I dolci di montagna / Десерты Хорека / 0,44 / 15 / Италия;шт;102,00;264,00;
Торт Морковный 2кг*48 порций Кристоф / Десерты Хорека / 2 / 1 / ;шт;4,00;1 740,50;
Торт Прага 2,2кг/70 порций Кристоф / Десерты Хорека / 2,2 / 1 / ;шт;3,00;1 561,50;
Торт Шоколадное зеркало 2кг*70 порций Кристоф / Десерты Хорека / 2 / 1 / ;шт;7,00;1 433,00;
Торт Ягодный блюз 2кг/70 порций Кристоф / Десерты Хорека / 2 / 1 / ;шт;8,00;1 559,50;
Чизкейк New-York 1,66кг / Десерты Хорека / 1,66 / 3 / Чизберри;шт;27,00;1 365,50;
Чизкейк New-York клубника 1,66кг / Десерты Хорека / 1,66 / 4 / Чизберри;шт;14,00;1 437,50;
Чизкейк суфле шоколадный 1,2кг / Десерты Хорека / 1,2 / 4 / Чизберри;шт;2,00;706,00;
Чизкейк Шоколадный 1,66кг / Десерты Хорека / 1,66 / 4 / Чизберри;шт;8,00;1 563,00;
Десерты Хорека зам;;;;
Мороженое с ЗМЖ ваниль лоток (1819)  2,2 кг / Десерты Хорека зам / 2,2 / 1 / ;шт;140,00;402,00;
Мороженое с ЗМЖ шоколад лоток (1323)  2,2 кг / Десерты Хорека зам / 2,2 / 1 / ;шт;19,00;422,50;
Сырники заморож. 7 кг/кор (70гр*100шт) / Десерты Хорека зам /  / 7 / Корона-ФУД;кг;56,00;457,50;
Мультипро охл;;;;
Моцарелла AitiMilk original 48-50%~2кг (молокосод. с змж) / Мультипро охл /  / 12 / Мультипро;кг;1 288,62;464,50;
Моцарелла Extra Alti для пиццы ~2кг*** / Мультипро охл /  / 12 / Мультипро;кг;1 964,85;392,43;
"Сыр творожный ""Кремчиз""  55% 2кг Alti / Мультипро охл / 2 / 1 / Мультипро";шт;22,00;-;
СоюзСнаб охл;;;;
Моцарелла для пиццы light 50% 2кг DenCheesе / СоюзСнаб охл / 2 / 6 / Союзснаб;шт;784,00;708,50;
Сады Придонья;;;;
НеМолоко Barista 1л напиток миндальный обогащ.витаминами и мин.вещ-ми / Сады Придонья / 1 / 6 / Сады Придонья;шт;1,00;119,28;
Сок Иль Примо 0,2л апельсиновый восстановленный / Сады Придонья / 0,2 / 8 / Сады Придонья;шт;96,00;45,00;
Сок Иль Примо 0,2л мультифруктовый с мякотью восстановленный / Сады Придонья / 0,2 / 8 / Сады Придонья;шт;80,00;41,00;
Сок Иль Примо 0,2л нектар вишневый осветвленный / Сады Придонья / 0,2 / 8 / Сады Придонья;шт;96,00;41,00;
Сок Иль Примо 0,2л яблочный из зеленых яблок осветвленный  восстанов. / Сады Придонья / 0,2 / 8 / Сады Придонья;шт;96,00;41,00;
Сок Мой 0,2л яблочный из зеленых яблок осветвленный восстановл / Сады Придонья / 0,2 / 27 / Сады Придонья;шт;18,00;18,95;
Черкизово заморозка;;;;
Окорочок ЦБ б/хр с/м Вес ~13кг (арт. 1010262065) / Черкизово заморозка /  / 13 / Куриное Царство;кг;168,95;243,70;
Филе грудки ЦБ б/кожи с/м Вес ~13кг (НБР/СТО/вал) (арт. 1010250665) / Черкизово заморозка /  / 13 / Куриное Царство;кг;247,41;420,93;
Барилла ;;;;
"Пенне Ригате""Barilla"" 0,45кг №73 / Барилла / 0,45 / 14 / Barilla";шт;84,00;72,00;
Соус Песто Алла Дженовезе с базиликом 190гр / Барилла / 0,19 / 12 / Barilla;шт;8,00;209,00;
Тальятелле Barilla 0,5кг №16 / Барилла / 0,5 / 12 / Barilla;шт;4,00;313,00;
Фарфалле №65 Barilla 400г / Барилла / 0,4 / 12 / Barilla;шт;52,00;80,70;
Феттучине Barilla 0.5кг / Барилла / 0,5 / 12 / Barilla;шт;2 259,00;160,00;
"Фузилли ""Barilla"" 450г / Барилла / 0,45 / 12 / Barilla";шт;93,00;72,00;
Хлеб пшеничный 0,47гр(10шт) American Sandwich Harrys / Барилла / 0,47 / 10 / Barilla;шт;327,00;84,42;
Доброфлот охл;;;;
"Печень минтая №6 240гр*24шт ТМ ""Доброфлот"" (В378) / Доброфлот охл / 0,24 / 24 / Южморрыбфлот";шт;12,00;200,00;
П/ф Мираторг зам;;;;
Ребрышки свиные с/м в/у ~2,5кг*2 (~5кг) / П/ф Мираторг зам /  / 5 / СК Короча;кг;6,17;-;
Рыба СВТФ;;;;
"Сайда потр б/г 1-2 ~25кг МК-0474 ""Орвар"" / Рыба /  / 25 / Мурманск";кг;353,04;250,00;
Скумбрия н/р 300-500 1*10 / Рыба СВТФ /  / 10 / Эквадор;кг;2 060,00;183,00;
Филе Пангасиуса Роз 220+ / Рыба СВТФ /  / 9,5 / Вьетнам;кг;399,00;230,00;
Хек тушка 80-200 2*5 кг СВТФ / Рыба СВТФ /  / 10 / Аргентина;кг;40,00;230,00;
Барилла свтф;;;;
"Спагетти № 5 ""Barilla"" 0,45кг ДЦ / Барилла / 0,45 / 24 / Barilla";шт;2 695,00;-;
Сыр ***;;;;
"Сырные палочки в панировке ""Моцарелла"" 1 кг*10 шт (ФРОСТ-А)*** / Сыр *** /  / 10 / Россия";кг;1 799,00;571,10;
Мультипро зам;;;;
Сырные палочки в панировке Моцарелла Alti 1кг / Мультипро зам / 1 / 8 / Мультипро;шт;300,00;-;
Сырные палочки в панировке Моцарелла Alti 1кг ТОМАТО / Мультипро зам / 1 / 10 / Мультипро;шт;3,00;-;
Пирожные;;;;
"Торт ""Киви-Клубника"" 650гр*6шт / Торты / 0,65 / 6 / Хлебпром";шт;12,00;262,10;
"Торт ""Персиковый йогурт"" 650гр*6шт / Пирожные / 0,65 / 6 / Хлебпром";шт;12,00;;
Палочки СВТФ;;;;
"Хлебец хр. ""Злаковый коктейль"" абрикос 90гр*20СВТФ / Палочки / 0,09 / 20 / Хлебпром";шт;2 595,00;33,38;
"Хлебец хр. ""Оригинальные""  90гр*20СВТФ / Палочки СВТФ / 0,09 / 20 / Хлебпром";шт;8 940,00;;
Корнишон;;;;
Цыпленок Корнишон (тушки ЦБ) 350+гр / Корнишон / 0,35 / 20 / Нерсисян М.Г. КФХ;шт;37,00;182,07;
Говядина зам;;;;
Вырезка гов.  ~2кг*17кг/уп / Говядина зам /  / 17 / Бразилия;кг;108,87;1 565,12;
Глазной мускул ~1,5кг*14кг/уп / Говядина зам /  / 14 / Воронежский бекон ООО;кг;21,20;688,63;
"Грудинка из мраморной говядины ""Для запекания"" ~2,5кг*6шт/16кг (Plate Meat) 66039 / Говядина зам /  / 16 / Заречное ТД";кг;26,70;475,00;
Огузок гов. б/к ~2кг*16кг/уп / Говядина зам /  / 16 / Воронежский бекон ООО;кг;362,48;619,33;
Стейк Нью Йорк TOP CHOICE (зерновой откорм) ~300гр / Говядина зам /  / 1 / МИТСКАУТ ООО;кг;18,82;1 967,00;
Язык гов ~1,5кг*20кг/уп / Говядина зам /  / 20 / Аргентина;кг;1,88;619,35;
Язык гов ~20кг / Говядина /  / 20 / Бразилия;кг;216,85;636,10;
Икра зам;;;;
"Икра лет рыбы красн 0,5 кг ""Суши Тобико"" / Икра / 0,5 / 20 / ";шт;3,00;1 284,00;
Икра сельди зеленая 0,5 кг Калифорния / Икра зам / 0,5 / 24 / Рыбацкий Двор;шт;35,00;397,00;
Икра сельди малиновая 0,5 кг Калифорния / Икра зам / 0,5 / 24 / Рыбацкий Двор;шт;385,00;400,50;
Икра сельди оранжевая 0,5 кг Калифорния / Икра зам / 0,5 / 24 / Рыбацкий Двор;шт;552,00;404,00;
Икра сельди черная 0,5 кг  Калифорния / Икра зам / 0,5 / 24 / Рыбацкий Двор;шт;44,00;390,50;
Индейка зам;;;;
Стейк голени индейки 13кг / Индейка зам /  / 13 / ОКЕАНФИШ;кг;1 482,00;157,08;
Фарш индейки Столичный  в тубе 0.9кг(10шт)  (075) / Индейка зам / 0,9 / 10 / ПензаМолИнвест;шт;94,00;109,48;
Креветки;;;;
Креветка с/м 16/20 б/г КАЙМАРУ 1кг очищ. с хвостом / Креветки /  / 10 / Союз морей;кг;131,00;1 236,50;
Креветки б/г с/м  21/25  6*1,8кг блок 2 кат (CASTLEROCK FISHERIES,253) / Креветки / 1,8 / 6 / Индия;шт;474,00;1 747,00;
Креветки б/г с/м 16/20 1,8 кг*6шт (блок) 1 кат., M/s. Blue Park Sea Foods / Креветки / 1,8 / 6 / Индия;шт;240,00;2 131,50;
Креветки б/г с/м 16/20 1,8 кг*6шт (блок) 2 кат Юнифрост / Креветки / 1,8 / 6 / Индия;шт;163,00;1 866,50;
Креветки б/г с/м 21/25 1,8*6 блок 2 кат / Креветки / 1,8 / 6 / Индия;шт;38,00;1 747,00;
Креветки б/г с/м б/хв. б/пищ. 21/25 1 кг*10шт. 1 кат. / Креветки / 1 / 10 / Индия;шт;149,00;1 088,00;
Креветки бланш. очищ. 200/300 Стандарт 1*10 / Креветки /  / 10 / Китай;кг;354,00;596,50;
Креветки в/м 21/25 очищ. с хвост. 1*10кг Союз Морей / Креветки /  / 10 / Союз морей;кг;11,00;1 212,00;
"Креветки королев. очищ.в панировке ""Панко""  1кг  VICI / Креветки / 1 / 3 / ";шт;146,00;826,00;
Креветки королевские  в панцире в/м 50/70 4кг VICI / Креветки /  / 4 / Вичи;кг;76,00;715,00;
Креветочные чипсы 227гр(60шт) Real Tang*** / Креветки / 0,227 / 60 / Real Tang;шт;25,00;73,50;
Лангустины б/г с/м (С1) 30/55 10кг / Креветки /  / 10 / Аргентина;кг;10,00;1 026,50;
Лангустины с/г 11/20 (L1) 2кг / Креветки / 2 / 6 / Аргентина;шт;499,00;1 573,50;
Крупа 1;;;;
Гречка кр.фас  900г Полновес / Крупа 1 / 0,9 / 10 / ;шт;100,00;68,50;
Мука хлебопекарная в/с Mamma Mia Pizza 10кг / Крупа 1 / 10 / 1 / ;шт;77,00;528,00;
Перловая 900г / Крупа 1 / 0,9 / 10 / Полновес;шт;32,00;32,50;
Рис пропареный 0,900 / Крупа 1 / 0,9 / 10 / Полновес;шт;57,00;116,00;
"Сухари панир. ""Panko"" (голд) 1кг*10 шт / Крупа / 1 / 10 / Тверь";шт;86,00;168,50;
Масло;;;;
Масло кунжутное нераф. АКИСО 1л ручка / Масло / 1 / 6 / Россия;шт;31,00;466,00;
Масло олив. Extra Virgen Vesuvio  ст/б 1л / Масло / 1 / 12 / Италия;шт;7,00;476,50;
"Масло олив.""Санса"" Vesuvio ж/б 5л / Масло / 5 / 4 / Италия";шт;37,00;1 699,00;
Масло олив.Санса ROMANCE TASOS 1л пл/б / Масло / 1 / 12 / Греция;шт;607,00;330,50;
Масло олив.Санса ди Олива Конди 1л(12шт) пл/б / Масло / 1 / 12 / Италия;шт;2,00;495,50;
Масло под/раф.дезод.1 сорт SUNNY GOLD 5л / Масло / 4,6 / 3 / ;шт;8,00;602,50;
Матадор;;;;
Орех мясной советский к/в в в/у (вес)~0.7 СВТФ / Матадор /  / 18 / Матадор;кг;5,19;280,00;
Молочные прод. Хорека охл;;;;
Сливки ультрапаст. 22% 1кг(12шт) Чудское озеро / Молочные продукты Хорека / 1 / 12 / Лактис АО;шт;250,00;268,50;
Сливки ультрапаст. 33% 1кг(12шт) Чудское озеро / Молочные продукты Хорека / 1 / 12 / Лактис АО;шт;77,00;358,50;
Сливки ультрапаст.ТБА 10% 1кг(12шт) / Молочные продукты Хорека / 1 / 12 / Брянский МК;шт;62,00;172,50;
Сливки ультрапаст.ТБА 20% 1кг(12шт) / Молочные прод. Хорека охл / 1 / 12 / Брянский МК ОАО;шт;187,00;265,50;
Сливки ультрапаст.ТБА 33% 1кг(12шт) / Молочные прод. Хорека охл / 1 / 12 / Брянский МК ОАО;шт;760,00;357,00;
"Смесь д/морож. шоколад. жидк.с аром.ванили 4,8% ""Чудское озеро"" 1л (12шт) / Молочные продукты Хорека / 1 / 12 / Крем Арт ООО";шт;72,00;178,00;
"Сметанный продукт 20 % ""Провинция"" 5 кг ведро / Молочные продукты Хорека /  / 5 / ";кг;115,00;103,50;
"Творожный продукт 30 % Легкий ""Провинция"" 5 кг короб / Молочные продукты Хорека /  / 5 / ";кг;85,00;165,50;
Молочные продукты Эконива;;;;
"Молоко ультрапастеризованное Эконива Professional Line 3,2% 1л. ТВА Slim / Молочные продукты Эконива / 1 / 12 / АО ""МосМедыньагропром""";шт;908,00;82,13;
Морепродукты;;;;
Горбуша филе н/ш с/м 5% / Морепродукты /  / 10 / Русская рыба;кг;50,00;402,50;
Гребешок филе с/м 10/20 Эконом 1кг*10шт / Морепродукты /  / 10 / Союз морей;кг;28,00;947,00;
Дорадо с/м 300-400 / Морепродукты /  / 5 / Турция;кг;40,00;669,00;
Кальмар филе- ломтики г/к в/у с/м 100 гр. / Морепродукты /  / 60 / Россия;шт;280,00;83,00;
Краб Палочки 5кг Вичи / Морепродукты /  / 5 / Вичи;кг;265,00;222,50;
Мидии в полу.раковин. 30-40 шт Гигант SANGO 1кг / Морепродукты /  / 12 / Китай;кг;235,00;597,50;
Мидии в створках. в/м 40/60 1кг RIA AUSTRAL / Морепродукты /  / 5 / Чили;кг;513,00;391,00;
Мидии цел. в створках, 40/60 1кг*5 / Морепродукты /  / 5 / Чили;кг;89,00;402,00;
Морской коктейль с/м 1*10кг / Морепродукты /  / 10 / Китай;кг;423,00;361,00;
Мясо мидии в/м 200/300 RISMA 1*10 / Морепродукты /  / 10 / Китай;кг;50,00;483,50;
Мясо мидий 200-300 1кг Эконом Союз Морей / Морепродукты /  / 10 / Россия;кг;280,00;328,50;
Мясо мидий 200-300 1кг*10 RISMA / Морепродукты /  / 10 / Китай;кг;38,00;460,00;
Мясо мидий 200-300 9,2кг (8% глазури) / Морепродукты /  / 9,2 / Чили;кг;9,20;501,50;
Мясо мидий в/м 100/200 RISMA 1*10 / Морепродукты /  / 10 / Царская Рыба ТД;кг;22,00;573,50;
Осьминог мол. оч. 40/60 RISMA 1кг (10кг) / Морепродукты /  / 10 / Китай;кг;42,00;959,00;
Осьминог очищ.с/м 2-3кг целый  / Морепродукты /  / 15 / Индонезия;кг;6,69;878,50;
Семга филе с/м ~1,3-1,8 кг Трим Д ~15кг / Морепродукты /  / 15 / Чили;кг;82,77;1 979,00;
Семга филе х/к в/у Трим ПР (Н) / Морепродукты /  / 10 / Дзержинский;кг;61,82;1 939,50;
Сибас с/м вес. 300/400 5 кг / Морепродукты /  / 5 / Турция;кг;55,00;701,50;
"Снежный краб ""С-Бремор"" 500гр HoReCa / Морепродукты / 0,5 / 12 / Беларусь Республика";шт;1 512,00;227,50;
Снежный краб ВиЧи 500гр*6шт / Морепродукты / 0,5 / 6 / БалтКо;шт;332,00;222,00;
Трубки Кальмара (филе)  U10  1*10кг Союз Морей / Морепродукты /  / 10 / ;кг;246,00;570,00;
Форель филе с/м с/с в/у ~1,4-1,7 Трим С1 Agаma Professional / Морепродукты /  / 10 / Продэксим;кг;21,63;2 026,50;
Мясн/конс.;;;;
ГОВЯДИНА ТУШ. ЗН ГОСТ в/с 325г / Мясн/конс. / 0,325 / 36 / Знаток;шт;2,00;195,49;
Пате из индейки с лесными грибами 100гр*26шт/КРЫМ / Мясн/конс. / 0,1 / 26 / Рамонская Индейка;шт;43,00;-;
Риет из говядины с тыквенными семечками 100гр*26шт/КРЫМ / Мясн/конс. / 0,1 / 26 / Рамонская Индейка;шт;17,00;-;
Фрикадельки запечен. из индейки в чесночном соусе 200гр*12шт/КРЫМ / Мясн/конс. / 0,2 / 12 / Рамонская Индейка;шт;17,00;-;
Напитки, Сиропы;;;;
Сироп Spoom Ананас 1л / Напитки, Сиропы / 1 / 6 / ;шт;6,00;289,00;
Сироп Spoom Апельсин 1л / Напитки, Сиропы / 1 / 6 / ;шт;12,00;288,00;
Сироп Spoom Арбуз 1л / Напитки, Сиропы / 1 / 6 / ;шт;18,00;289,00;
Сироп Spoom Баббл гам 1л / Напитки, Сиропы / 1 / 6 / ;шт;14,00;288,00;
Сироп Spoom Блю Кюрасао 1л / Напитки, Сиропы / 1 / 6 / ;шт;24,00;289,00;
Сироп Spoom Ваниль 1л / Напитки, Сиропы / 1 / 6 / ;шт;71,00;288,00;
Сироп Spoom Гренадин 1л / Напитки, Сиропы / 1 / 6 / ;шт;84,00;288,00;
Сироп Spoom Груша 1л / Напитки, Сиропы / 1 / 6 / ;шт;6,00;294,00;
Сироп Spoom Дыня Жёлтая 1л / Напитки, Сиропы / 1 / 6 / ;шт;9,00;289,00;
Сироп Spoom Дыня Зеленая 1л / Напитки, Сиропы / 1 / 6 / ;шт;1,00;288,00;
Сироп Spoom Желтый банан 1л / Напитки, Сиропы / 1 / 6 / ;шт;64,00;289,00;
Сироп Spoom Ирландский крем 1л / Напитки, Сиропы / 1 / 6 / ;шт;7,00;288,00;
Сироп Spoom Карамель 1л / Напитки, Сиропы / 1 / 6 / ;шт;51,00;288,00;
Сироп Spoom Клубника 1л / Напитки, Сиропы / 1 / 6 / ;шт;110,00;288,00;
Сироп Spoom Кокос 1л / Напитки, Сиропы / 1 / 6 / ;шт;57,00;288,00;
Сироп Spoom Лаванда 1л / Напитки, Сиропы / 1 / 6 / ;шт;8,00;288,00;
Сироп Spoom Лайм 1л / Напитки, Сиропы / 1 / 6 / ;шт;36,00;288,00;
Сироп Spoom Лесной орех 1л / Напитки, Сиропы / 1 / 6 / ;шт;24,00;289,00;
Сироп Spoom Личи 1л / Напитки, Сиропы / 1 / 6 / ;шт;11,00;288,00;
Сироп Spoom Малина 1л / Напитки, Сиропы / 1 / 6 / ;шт;53,00;289,00;
Сироп Spoom Манго 1л / Напитки, Сиропы / 1 / 6 / ;шт;12,00;289,00;
Сироп Spoom Мандарин 1л / Напитки, Сиропы / 1 / 6 / ;шт;22,00;288,00;
Сироп Spoom Маракуя 1л / Напитки, Сиропы / 1 / 6 / ;шт;17,94;288,00;
Сироп Spoom Миндаль 1л / Напитки, Сиропы / 1 / 6 / ;шт;23,00;289,00;
Сироп Spoom Мохито 1л / Напитки, Сиропы / 1 / 6 / ;шт;66,00;289,00;
Сироп Spoom Мята 1л / Напитки, Сиропы / 1 / 6 / ;шт;17,00;289,00;
Сироп Spoom Сангрия 1 л / Напитки, Сиропы / 1 / 6 / ;шт;9,00;294,00;
Сироп Spoom Сахарный тростник 1л / Напитки, Сиропы / 1 / 6 / ;шт;10,00;289,00;
Сироп Spoom Соленая Карамель 1 л / Напитки, Сиропы / 1 / 6 / ;шт;2,00;288,00;
Сироп Spoom Шоколад 1л / Напитки, Сиропы / 1 / 6 / ;шт;34,00;289,00;
Сироп Spoom Юдзу 1л / Напитки, Сиропы / 1 / 6 / ;шт;4,00;292,00;
Топпинг Spoom Карамель 1кг / Напитки, Сиропы / 1 / 6 / ;шт;32,00;282,00;
Топпинг Spoom Клубника 1кг / Напитки, Сиропы / 1 / 6 / ;шт;18,00;283,00;
Топпинг Spoom Шоколад 1кг / Напитки, Сиропы / 1 / 6 / ;шт;62,00;282,00;
Топпинг-сироп Шоколад 1кг Royal Cane / Напитки, Сиропы / 1 / 6 / ;шт;28,00;270,00;
Напитки, Соки;;;;
Кисель Вишня 250гр (20шт) Premier / Напитки, Соки / 0,25 / 20 / Россия;шт;200,00;;
Кисель Земляника 250гр (20шт) Premier / Напитки, Соки / 0,25 / 20 / Россия;шт;200,00;;
Кисель Клубника 250гр (20шт) Premier / Напитки, Соки / 0,25 / 20 / Россия;шт;200,00;;
Кисель Клюква 250гр (20шт) Premier / Напитки, Соки / 0,25 / 20 / Россия;шт;200,00;;
Кисель Малина 250гр (20шт) Premier / Напитки, Соки / 0,25 / 20 / Россия;шт;200,00;;
НеваМилк;;;;
Сыр Пармезан Dolce 40%  ~6кг*2шт / НеваМилк /  / 12 / Нева Милк;кг;20,17;1 209,00;
Сыр Сиртаки для греческого салата Classic 35% 0.33 кг (15 шт) / НеваМилк / 0,33 / 15 / Нева Милк;шт;86,00;173,00;
НеваМилк зам;;;;
"Масло сл. 82,5% 0,400кг(8шт) ""Тысяча Озер"" / НеваМилк зам / 0,4 / 8 / Нева Милк";шт;155,00;307,50;
НеваФуд;;;;
Кетчуп 1категории 1кг (5шт) / НеваФуд / 1 / 5 / Регион;шт;125,00;105,00;
Кетчуп первой категории 147шт/25 мл / НеваФуд / 0,025 / 147 / Регион;шт;147,00;-;
Соус барбекю 147шт/25 мл / НеваФуд / 0,025 / 147 / Регион;шт;441,00;9,50;
Соус барбекю классический 1кг (5шт) / НеваФуд / 1 / 5 / Регион;шт;135,00;227,00;
Соус кисло-сладкий 1 кг (5шт) / НеваФуд / 1 / 5 / Регион;шт;17,00;246,00;
Соус майонезный Грибной 1кг(5шт) Нева Фуд / НеваФуд / 1 / 5 / Регион;шт;9,00;346,00;
Соус майонезный Гриль Бургер 1кг(5шт) Нева Фуд / НеваФуд / 1 / 5 / Регион;шт;47,00;440,00;
Соус майонезный Медово горчич.заправка 1 кг (5шт) / НеваФуд / 1 / 5 / Регион;шт;16,00;271,00;
Соус майонезный Сырный 1 кг(5шт) / НеваФуд / 1 / 5 / Регион;шт;181,00;284,00;
Соус томатный Карри ароматный 1 кг (5шт) / Соус / 1 / 5 / Регион;шт;28,00;274,00;
Соус томатный Кисло-сладкий (147шт*25мл) / НеваФуд / 0,025 / 147 / Регион;шт;1 470,00;6,90;
Соус томатный Сальса 1 кг(5шт) / НеваФуд / 1 / 5 / Регион;шт;3,00;205,00;
Соус чесночный 147шт/25 мл / НеваФуд / 0,025 / 147 / Регион;шт;1 617,00;9,22;
Овощи и фрукты;;;;
Бобы Эдамаме очищенные Якимал 1 кг / Овощи и фрукты / 1 / 10 / Китай;шт;30,00;545,00;
Брокколи / Овощи и фрукты /  / 10 / Китай;кг;379,00;167,00;
Брусника 10 кг / Овощи и фрукты /  / 10 / Китай;кг;30,00;292,00;
Брюссельская капуста 10 кг / Овощи и фрукты /  / 10 / Китай;кг;50,00;223,00;
Вишня б/к 10 кг / Овощи и фрукты /  / 10 / Узбекистан;кг;900,00;265,50;
Грибы Белые целые 1сорт 10кг / Овощи и фрукты /  / 10 / Россия;кг;50,00;941,50;
Ежевика с/м 10кг / Овощи и фрукты /  / 10 / Китай;кг;30,00;262,50;
Карт дольки кож, б/сп 2,5 кг*5 LW (W12) / Овощи и фрукты / 2,5 / 5 / LW;шт;260,00;453,50;
Карт ФРИ 6/6 Fry Me 2,5*5 с панировкой Н (FMS6) / Овощи и фрукты / 2,5 / 5 / ;шт;649,00;534,50;
Карт ФРИ 9/9 (батат) 2,5кг (5шт) (BAT9) / Овощи и фрукты / 2,5 / 5 / ;шт;23,00;960,80;
Карт ФРИ 9/9 Fry Me 2,5*5 с панировкой Н Н (FMS9) / Овощи и фрукты / 2,5 / 5 / ;шт;2 664,00;532,70;
Карт Фри 9/9 LW 5*2,5 Триумф (TR46) Н / Овощи и фрукты / 2,5 / 5 / LW;шт;184,00;423,50;
Клубника 10 кг / Овощи и фрукты /  / 10 / Египет;кг;730,00;138,50;
Клюква лесная 10 кг / Овощи и фрукты /  / 10 / Россия;кг;120,00;574,00;
Компот. смесь 10 кг / Овощи и фрукты /  / 10 / Россия;кг;540,00;104,50;
Кукуруза зерно 10кг / Овощи и фрукты /  / 10 / Индия;кг;20,00;153,00;
Луковые кольца ТМ Якимал 1кг / Овощи и фрукты / 1 / 10 / ;шт;406,00;330,00;
Малина ЭКСТРА 10кг / Овощи и фрукты /  / 10 / Россия;кг;160,00;322,50;
Облепиха 10 кг / Овощи и фрукты /  / 10 / Китай;кг;120,00;258,00;
Овощная смесь Мексиканская 10 кг / Овощи и фрукты /  / 10 / Россия;кг;250,00;112,00;
Перец меланж кубик зам.13 кг / Овощи и фрукты /  / 13 / Узбекистан;кг;182,00;130,50;
Перец меланж резан. полоски 10 кг / Овощи и фрукты /  / 10 / Россия;кг;10,00;130,50;
Смородина красная 10 кг / Овощи и фрукты /  / 10 / Китай;кг;80,00;143,00;
Смородина красная 10 кг / Овощи и фрукты /  / 10 / Россия;кг;40,00;158,50;
Смородина черная 10 кг / Овощи и фрукты /  / 10 / Китай;кг;440,00;255,50;
Спаржа зеленая 4кг / Овощи и фрукты /  / 4 / Россия;кг;56,00;788,50;
Фасоль 10 кг ТД Лед Эксперт / Овощи и фрукты /  / 10 / ;кг;80,00;117,00;
Фасоль резанная 10 кг / Овощи и фрукты /  / 10 / Египет;кг;260,00;118,00;
Цветная капуста / Овощи и фрукты /  / 10 / Узбекистан;кг;490,00;139,50;
Шампиньоны рез 10 кг / Овощи и фрукты /  / 10 / Беларусь;кг;160,00;95,00;
Шпинат резаный 10кг / Овощи и фрукты /  / 10 / Турция;кг;90,00;222,50;
Отеч. птица зам;;;;
Приосколье 7 и/п ЦБ / Отеч. птица зам /  / 13 / Приосколье;кг;39,00;242,60;
Приосколье 8 и/п ЦБ / Отеч. птица зам /  / 13 / Приосколье;кг;39,00;242,60;
Пельмени-хинкали;;;;
"Пельмени ""для жарки 0,9 кг х 8 шт) МАЯК ТМ Крутогорские (КТГ-008) / Пельмени-хинкали / 0,9 / 8 / Минайл ООО";шт;94,00;-;
"Пельмени ""Из мяса индейки"" (0,9 кг х 8 шт)МАЯК  ТМ Крутогорские (КТГ-001) / Пельмени-хинкали / 0,9 / 8 / Минайл ООО";шт;66,00;-;
"Пельмени ""Люкс"" (0,7 кг х 8 шт)  ДБЦ ТМ Крутогорские / Пельмени-хинкали / 0,7 / 8 / Минайл ООО";шт;72,00;-;
"Пельмени ""Люкс"" (0,7 кг х 8 шт) ТМ Крутогорские / Пельмени-хинкали / 0,7 / 8 / Минайл ООО";шт;152,00;110,00;
"Пельмени ""Премиум"" (0,7 кг х 8 шт) ТМ Крутогорские / Пельмени-хинкали / 0,7 / 8 / Минайл ООО";шт;288,00;110,00;
Пельмени СОЧНЫЕ с фаршем на молоке СК 0,7 кг/8 шт.КРАСНОДАР / Пельмени-хинкали / 0,7 / 8 / Щелковский МПК;шт;237,00;-;
Печень;;;;
Печень св вес ~17кг / Печень /  / 17 / Воронежский бекон ООО;кг;14,31;89,47;
Ресурс заморозка;;;;
Крыло кур монолит / Ресурс заморозка /  / 12 / ТПК;кг;60,00;253,00;
Рыба;;;;
Горбуша н/р 2*11 Камчатморепродукт / Рыба /  / 22 / Камчатский край;кг;2 032,00;230,00;
Кальмар тушка 14 кг / Рыба /  / 14 / Лунтос;кг;84,00;340,00;
Камбала Б/Б НР S 2*10 кг / Рыба /  / 20 / Витязь Авто;кг;40,00;120,00;
"Камбала б/г 500-1000 10кг / Рыба /  / 10 / АО ""АОВК""";кг;10,00;330,00;
Кижуч б/г  Прем 2,7-3,6 25кг / Рыба /  / 25 / Чили;кг;17,52;1 000,00;
Кижуч б/г Прем 4,0+ ~26кг / Рыба /  / 26 / Чили;кг;301,43;1 000,00;
ЛОСОСЬ PREMIUM 3-4(Семга) ~30кг / Рыба /  / 30 / Чили;кг;7,90;1 125,00;
Лосось premium 5-6(Семга) ~29кг / Рыба /  / 29 / Чили;кг;5,28;1 250,00;
Лосось premium 6-7(Семга) ~29кг / Рыба /  / 29 / Чили;кг;13,61;1 300,00;
Минтай б/г 25+ 2*11 Ясный / Рыба /  / 22 / Курильский Рыбак;кг;8 074,00;135,00;
Минтай б/г 30+  2*12 / Рыба /  / 24 / Герои Даманского;кг;12,00;155,00;
Минтай Р б/г 2L 30-35  2*10,5 / Рыба /  / 21 / Витязь Авто;кг;178,50;155,00;
Мойва 2*10  25-35 *** / Рыба /  / 20 / Кардинал;кг;100,00;215,00;
Мойва с/м 30-40 2*14,5кг / Рыба /  / 29 / Фарерские острова;кг;87,00;245,00;
Мойва с/м 35-45 2*13 / Рыба /  / 26 / Фарерские острова;кг;12,00;160,00;
Навага б/г 2*11 РК Заря ООО / Рыба /  / 22 / Камчатский край;кг;132,00;165,00;
Окунь б/г 150-300 3*9 Нивенское / Рыба /  / 27 / Калининград;кг;162,00;370,00;
Пикша б/г 0,5-1 ~25кг весов. Проект / Рыба /  / 25 / Мурманск;кг;1 215,60;215,00;
"Пикша п/б/г 1-2 МК-0173 ""Вутан"" 2*15 кг / Рыба /  / 30 / Мурманск";кг;30,00;250,00;
Путассу н/р 3*10  Лазурный / Рыба /  / 30 / Вестрыбфлот;кг;470,00;77,00;
Путассу н/р 3*10 Капитан Сулимов / Рыба /  / 30 / Робинзон;кг;10,00;77,00;
Сельдь 400+ с/м / Рыба /  / 20 / Фарерские острова;кг;80,00;235,00;
Сельдь L 200-300 с/м н/р / Рыба /  / 20 / Океанрыбфлот;кг;400,00;82,00;
Стейк зубатки син. С / Рыба /  / 12 / Ладожский;кг;4 416,00;165,00;
Стейк трески Ладожский / Рыба /  / 12 / Санкт-Петербург;кг;120,00;380,00;
"Треска 1+  2*16 МК8935 ""Капитан Русанов"" / Рыба /  / 32 / Мурманск";кг;160,00;370,00;
Филе минтая 10% / Рыба /  / 10 / Китай;кг;30,00;275,00;
Филе Пангасиуса Роз 220+ р / Рыба /  / 9,5 / Вьетнам;кг;1 491,50;230,00;
Филе тилапии 5-7 / Рыба /  / 10 / Китай;кг;170,00;410,00;
Филе трески без кожи 10кг / Рыба /  / 10 / Купеческий ТД ООО;кг;120,00;460,00;
Филе трески на коже 10кг / Рыба /  / 10 / Купеческий ТД ООО;кг;60,00;450,00;
Филе хека  ~13 (колбаса) / Рыба /  / 13 / Аргентина;кг;42,15;480,00;
Форель б/г 0,9-1,4  ~25кг / Рыба /  / 25 / Турция;кг;61,95;785,00;
Форель б/г 0,9-1,8 ~22кг / Рыба /  / 22 / Турция;кг;11,15;785,00;
Форель б/г 1,4-1,8 25кг / Рыба /  / 25 / Турция;кг;0,00;765,00;
Форель с/м н/р 800-1200 гр. 20 кг / Рыба /  / 20 / Армения;кг;1 940,00;460,00;
Форель с/м н/р 800-1200 гр. весов. ~18 кг / Рыба /  / 18 / Армения;кг;45,40;450,00;
Хек тушка 200-350 ~21кг весов. / Рыба /  / 21 / Аргентина;кг;63,00;320,00;
Хек тушка 80-200~20кг / Рыба /  / 20 / Аргентина;кг;40,00;230,00;
Чавыча ПБГ зам. 7+ 2L / Рыба /  / 27 / Россия;кг;8,38;1 315,00;
Свинина зам;;;;
Вырезка ~16кг / Свинина зам /  / 16 / Зоринское МП ООО;кг;108,09;412,80;
Карбонад б/к в/у ~19 кг / Свинина зам /  / 19 / Воронежский бекон ООО;кг;163,02;385,00;
Окорок б/к ~15кг / Свинина зам /  / 15 / Зоринское МП ООО;кг;149,67;402,97;
Окорок б/к ~20кг / Свинина зам /  / 20 / ПРОМАГРО;кг;199,30;365,00;
Шейка б/к ~ 16кг / Свинина зам /  / 16 / ПРОМАГРО;кг;399,72;436,45;
Шейка б/к в/у ~22 кг / Свинина зам /  / 22 / Воронежский бекон ООО;кг;0,04;550,00;
Соус;;;;
Мирин Фу 18л(Катана) / Соус / 18 / 1 / Россия;шт;5,00;2 294,50;
Паста Карри жёлтая AROY-D 400 мл / Соус / 0,4 / 24 / Тайланд;шт;7,00;208,00;
"Паста острая ""Табаджан"" 0,92г ж/б(6шт) / Соус / 0,92 / 6 / Китай";шт;14,00;617,00;
"Паста соев. ""aka miso"" темная 1 кг(10шт) / Соус /  / 10 / Китай";кг;7,00;284,00;
"Паста соев. ""shiro miso"" светлая 1 кг(10шт) / Соус /  / 10 / Китай";кг;19,00;229,00;
Паста ТОМ YAM кисло-сладкая AROY-D 0,4 кг / Соус / 0,4 / 24 / Тайланд;шт;771,00;235,00;
Соус Ворчестер 140мл (12шт) / Соус / 0,14 / 12 / Германия;шт;39,00;411,00;
Соус Кимчи River Bridg 1.8л*6 / Соус / 1,8 / 6 / Китай;шт;45,00;718,00;
Соус Кунжутный Tamaki 1 л / Соус / 1 / 9 / Россия;шт;320,00;441,50;
Соус Рыбный AROY-D 0,7л ст/б / Соус / 0,84 / 12 / Тайланд;шт;13,00;287,00;
Соус соев CHO PLATINUM (черн.упак) 19л / Соус / 19 / 1 / Китай;шт;20,00;2 150,00;
Соус соев CHO PREMIUM (белая упак.) 19л / Соус / 19 / 1 / Китай;шт;8,00;2 087,50;
Соус соев Катана 1л(9шт) / Соус / 1 / 9 / Россия;шт;35,00;168,00;
Соус соев Катана 20л / Соус / 20 / 1 / Россия;шт;53,00;1 838,50;
Соус соев прем.качества DUNKAN 20л / Соус / 20 / 1 / ;шт;2,00;1 973,50;
Соус Табаско с красным перцем 150 мл / Соус / 0,15 / 12 / США;шт;37,00;663,00;
Соус Терияки AKISO 1л ручка / Соус / 1 / 6 / Россия;шт;22,00;213,00;
Соус Терияки GENSO 1.5л / Соус / 1,5 / 6 / ;шт;362,00;359,00;
Соус Унаги AKISO 1л ручка / Соус / 1 / 6 / Россия;шт;74,00;213,00;
Соус Унаги GENSO 1.5л / Соус / 1,5 / 6 / Россия;шт;226,00;366,50;
Соус Устричный Pearl River Bridg 2,40кг / Соус / 2,4 / 6 / Китай;шт;4,00;599,50;
Соус Устричный Pearl River Bridg с/б 510г(12шт) / Соус / 0,51 / 12 / Китай;шт;166,00;168,50;
Соус черно-перечный CHANG 825гр.*12 стекло ResFood / Соус / 0,825 / 12 / Тайланд;шт;25,00;541,50;
Соус Шрирача 0,815гр пл/б / Соус / 0,815 / 12 / Тайланд;шт;28,00;343,00;
"Соус-крем бальзамный белый Карандини ""Glassa"" 0,5л пл/б / Соус / 0,5 / 12 / Италия / Соус / 0,5 / 12 / Италия";шт;17,00;463,50;
"Соус-крем бальзамный темный Карандини ""Glassa"" 0,5л пл/б / Соус / 0,5 / 12 / Италия / Соус / 0,5 / 12 / Италия";шт;120,00;465,50;
Уксус бальзамич.Карандини 500мл ст/б Modena / Соус / 0,5 / 12 / Италия;шт;12,00;247,00;
Уксус винный красный 6% Понти 1л(12шт) пл/б / Соус / 1 / 12 / Италия;шт;29,00;179,50;
Уксус рис CHO PREMIUM (красная упак.) 19л / Соус / 19 / 1 / Китай;шт;24,00;1 476,00;
Уксус рис Катана 1л / Соус / 1 / 9 / Россия;шт;95,00;149,50;
Уксус рис Катана 20л / Соус / 20 / 1 / Россия;шт;54,00;1 551,50;
Уксус столовый 9% 1л / Соус / 1 / 12 / Александровский;шт;121,00;43,50;
Уксус Яблочный Дядя Ваня пл/б (0,500кг/0,522кг) упак.10шт / Соус / 0,5 / 10 / ;шт;8,00;64,00;
Специи ХоРеКа;;;;
Бульон куриный сухой АРИКОН ПРОФИ 2,2кг*4 / Специи ХоРеКа / 2,2 / 4 / ;шт;2,00;670,00;
Глутамат-порошок 454г(50шт) / Специи ХоРеКа / 0,454 / 50 / Китай;шт;62,00;132,00;
Дрожжи Саф-Инстант 500г(20шт) / Специи ХоРеКа / 0,5 / 20 / ;шт;70,00;325,00;
Желатин листовой VAL`DE 1000 гр (25шт) / Специи ХоРеКа / 1 / 25 / Германия;шт;4,00;2 596,00;
Жидкий дым 0,330мл(12шт) Костровок / Специи ХоРеКа / 0,33 / 12 / ;шт;26,00;106,00;
Крахмал картофельный Maitrefoods 1кг / Специи ХоРеКа / 1 / 14 / Maitrefoods;шт;9,00;202,00;
Крахмал кукурузный SpicExpert 1кг(15шт) / Специи ХоРеКа / 1 / 15 / Spice Expert;шт;108,00;176,00;
Орегано Spice Expert 150гр(6шт) банка / Специи ХоРеКа / 0,212 / 6 / Spice Expert;шт;1,00;170,00;
Паприка сладкая молотая ASTA-150 Spice Expert  банка 400гр (6шт) / Специи ХоРеКа / 0,4 / 6 / Spice Expert;шт;7,00;297,00;
Перец черный молотый 400гр Spice Master / Специи ХоРеКа / 0,4 / 15 / Россия;шт;7,00;589,00;
Приправа ВЕРОНИКА для говядины пакет 1000гр / Специи ХоРеКа / 1 / 1 / Пряный Мир;шт;1,00;264,00;
Прованские травы 150г Spice Expert банка / Специи ХоРеКа / 0,15 / 6 / Spice Expert;шт;1,00;154,00;
Соус Деми Глас АРИКОН ПРОФИ ведро 1,5кг*4 / Специи ХоРеКа / 1,5 / 4 / ;шт;5,00;1 961,00;
Стародвор;;;;
Ветчина Нежная КОЛБАСНЫЙ СТАНДАРТ ~1,3 / Стародвор /  / 10,5 / Стародворские колбасы;кг;0,60;288,00;
Субп. кур. зам;;;;
Мякоть бедра без кожи ЦБ ~ 0,75 кг*16шт (~12 кг) / Субп. кур. зам /  / 12 / Серволюкс Посад ООО;кг;249,01;467,00;
Мякоть тушки с кожей Халяль ЦБ 15 кг (монолит) арт 273175 / Субп. кур. зам /  / 15 / Серволюкс Посад ООО;кг;45,00;384,50;
Окорочок бескостный с кожей ЦБ  на подложке / Субп. кур. зам /  / 12 / Курников;кг;180,00;394,32;
Окорочок ЦБ 13кг / Субп. кур. зам /  / 13 / ОКЕАНФИШ;кг;3 458,00;167,44;
Окорочок ЦБ б/к БЕЗ КОЖИ с/м ВАЛ (~14кг) / Субп. кур. зам /  / 14 / Брянский Бройлер;кг;56,63;450,50;
Окорочок ЦБ б/к С КОЖЕЙ с/м ВАЛ (~14 кг) / Субп. кур. зам /  / 14 / Брянский Бройлер;кг;99,28;428,50;
Филе грудки кур лоток ~10кг Р / Субп. кур. зам /  / 10 / ЭКОПТИЦА;кг;2,19;410,40;
Филе грудки кур лоток ~12кг / Субп. кур. зам /  / 12 / ОКЕАНФИШ;кг;220,27;441,40;
Филе грудки кур лоток ~8кг / Субп. кур. зам /  / 8 / Чамзинская ПТФ;кг;0,00;387,47;
Филе грудки кур лоток 12кг / Субп. кур. зам /  / 12 / Курников;кг;4,64;424,00;
Субпр. кур. Приос зам;;;;
Голень лоток 900 гр / Субпр. кур. Приос зам / 0,9 / 10 / Приосколье;шт;100,00;218,00;
Филе грудки кур монолит. / Субпр. кур. Приос зам /  / 10 / Приосколье;кг;1,73;398,00;
Сыр;;;;
Сыр Гауда 50% брус ~4кг Ферма Босконе (Горки) / Сыр /  / 16 / Беларусь;кг;612,40;331,50;
Сыр Голландский 45% брусок ~1кг молокосодержащий продукт с з.м.ж / Сыр /  / 10 / Сыр Стародубский ТнВ;кг;0,15;388,00;
Сыр Пармезан 45% ~8кг Верхнедвинский МЗ / Сыр /  / 16 / Беларусь;кг;335,66;654,50;
Сыр плавленный Витако ХХL Чеддер 45%  400гр  (нарезка) Бургер / Сыр / 0,4 / 6 / Россия;шт;27,00;205,00;
Сыр плавленный Чеддер 45% ломтики (108шт) 1,328 кг / Сыр / 1,328 / 8 / ;шт;210,00;886,50;
Сыр творожный 65% Kitchn 11кг / Сыр / 11 / 1 / Гермес ООО;шт;9,00;4 830,50;
Сыр творожный 65% Kitchn 2кг / Сыр / 2 / 4 / Гермес ООО;шт;94,00;906,50;
"Сыр творожный слив. 60% ведро 3,3кг ""Чудское озеро"" / Сыр / 3,3 / 4 / Лактис АО";шт;29,00;1 432,50;
СЫР;;;;
Моцарелла для пиццы с м.д.ж. в с.в 40% брус ~2кг / Сыр /  / 6 / Сыры Кубани;кг;396,63;557,94;
Сыр ТМ Бобровский;;;;
Сыр Маскарпоне 80% 250 гр Santabene / Сыр ТМ Бобровский / 0,25 / 16 / Бобровский Сырзавод ООО;шт;7,00;186,00;
Сыр с голубой плесенью Grassan 50% круг ~2,5 кг*2 шт / Сыр ТМ Бобровский /  / 5 / Бобровский Сырзавод ООО;кг;84,10;1 033,00;
Сыр Чеддер красный Oldenburge 50% ~3 кг/15 кг БРУС / Сыр ТМ Бобровский /  / 15 / Бобровский Сырзавод ООО;кг;13,81;605,47;
Упак. и хоз.товары Хорека;;;;
Крышка для стакана для кофе с клапаном черная ПС 90мм 100шт / Упак. и хоз.товары Хорека / 0,001 / 1 / ;шт;400,00;2,50;
Крышка для стакана с клапаном белая d-80мм ПС 100шт / Упак. и хоз.товары Хорека / 0,001 / 1 / ПЭТ;шт;600,00;1,50;
Ложка д/морожен.122гр метал. / Упак. и хоз.товары Хорека / 0,122 / 1 / ;шт;1,00;941,00;
Ложка маленькая 9,5 см  прозрачная (~6600шт) 1кг/10 шт (10 кг) / Упак. и хоз.товары Хорека / 0,001 / 660 / Россия;шт;660,00;2,50;
Пакет Майка 30*60 см белый 100шт 14мкр / Упак. и хоз.товары Хорека / 0,002 / 2 000 / Россия;шт;300,00;1,50;
Палочки бам Бренд круглые в/у с зубочистками 1уп/100пар 22,5х5,5 мм / Упак. и хоз.товары Хорека / 0,667 / 30 / Китай;шт;312,00;146,00;
Стакан бумажный черный 1сл 100(184)мл, d-62мм для горячего1/50 / Упак. и хоз.товары Хорека / 0,001 / 50 / ;шт;250,00;2,50;
Стакан бумажный черный 1сл 250(273)мл, d-80мм для горячего1/50 / Упак. и хоз.товары Хорека / 0,001 / 50 / Китай;шт;50,00;4,50;
Упаковка ПР-С-19Д черн. (400шт) / Упак. и хоз.товары Хорека / 0,018 / 400 / ;шт;187,00;6,50;
Япон.кухня;;;;
Бульон рыбный Хондаши 1кг / Япон.кухня / 1 / 10 / Китай;шт;52,00;628,50;
Бумага соевая в виде листа (желтый) 80г(20шт) / Япон.кухня / 0,088 / 20 / Маменори;шт;7,00;647,50;
Бумага соевая в виде листа (оранжевый) 80г(20шт) Маменори / Япон.кухня / 0,08 / 20 / Маменори;шт;26,00;662,00;
Васаби TAMAKI POWDER 1 кг / 1 упак / Япон.кухня / 1 / 10 / Китай;шт;295,00;524,50;
Васаби TAMAKI PRO 2 кг / Япон.кухня / 2 / 10 / Китай;шт;8,00;842,50;
Васаби TAMAKI PRO light 1 кг / Япон.кухня / 1 / 10 / ;шт;190,00;317,00;
Васаби порошок NIHАО 2 кг / Япон.кухня / 2 / 6 / ;шт;32,00;709,50;
Водоросли жар. RISMA Premium 100л. / Япон.кухня / 0,28 / 96 / Корея;шт;288,00;774,50;
Водоросли жар.Tidori 100л.40уп. / Япон.кухня / 0,23 / 40 / Корея;шт;33,00;812,30;
Водоросли жар.Tidori 100л.40уп. / Япон.кухня / 0,23 / 40 / Корея;шт;200,00;840,00;
Грибы Шиитаке LUX 0,25кг. / Япон.кухня / 0,25 / 36 / ;шт;49,00;396,50;
Грибы Шиитаке LUX 0,5 кг / Япон.кухня / 0,5 / 20 / ;шт;1,00;793,00;
Имбирь мар.белый LUX 1400гр. / Япон.кухня / 1,4 / 10 / Китай;шт;1 971,00;131,50;
Коврик для суши бамбуковый 27*27 (1уп*200шт) / Япон.кухня / 0,02 / 1 / Китай;шт;240,00;110,00;
Редька маринованная LUX 500гр.(700гр) / Япон.кухня / 0,7 / 20 / Китай;шт;133,00;132,00;
Салат Чука ТАМАКИ*1кг. / Япон.кухня /  / 10 / Китай;кг;405,00;288,00;
Стружка тунца Бонито 0,5 кг / Япон.кухня / 0,5 / 6 / Китай;шт;1,00;1 735,00;
Крупа 2;;;;
"Лапша ""SOBA"" Такемура греч. 300гр / Крупа 2 / 0,3 / 40 / Китай";шт;174,00;65,00;
"Лапша ""Удон"" Такемура (Н) 300гр. / Крупа 2 / 0,3 / 40 / Китай";шт;592,00;71,00;
"Лапша ""Фунчоза"" рис.Такемура 500 гр / Крупа 2 / 0,5 / 30 / Китай";шт;74,00;206,00;
"Лапша ""Харусаме"" Kekeshi 500гр. / Крупа 2 / 0,5 / 30 / Китай";шт;16,00;293,00;
"Лапша ""Харусаме"" Такемура  500гр. / Крупа 2 / 0,5 / 20 / Китай";шт;5,00;274,50;
Лапша Яичная 500гр (30шт) / Крупа 2 / 0,5 / 30 / Китай;шт;138,00;138,00;
"Макароны Спагеттини № 003 "" Дельверде""  0,5кг(24шт) / Крупа 2 / 0,5 / 24 / Италия";шт;48,00;170,50;
Мука панировочная Кляр 1кг NHAO / Крупа / 1 / 20 / ;шт;195,00;115,00;
Мука Темп. 18 кг Nihao / Крупа / 18 / 1 / ;шт;7,00;1 376,00;
Паста Птитим 450гр / Крупа 2 / 0,45 / 12 / Мистраль;шт;11,00;199,00;
"Рис ""Nishiki "" 25кг/меш ГОСТ в/с / Крупа 2 / 25 / 1 / Nishiki";шт;290,00;3 046,50;
Семя кунжут. бел.очищ. жар. фас 1кг Якимал / Крупа 2 /  / 15 / ;кг;80,00;472,50;
Семя кунжут. черн. жар.фас. 1кг Якимал / Крупа 2 /  / 15 / Россия;кг;112,00;445,50;
"Спагетти №(8)46 ""Пастифичио Феличетти"" из тв. сортов пшеницы с чернилами каракатицы 0,5кг(12шт) / Крупа 2 / 0,5 / 12 / Италия";шт;24,00;392,50;
"Сухари пан ""Panko"" LEMON 1кг / Крупа 2 / 1 / 10 / Тверь";шт;1 117,00;162,00;
"Сухари пан ""Panko"" Tamaki 10кг / Крупа 2 / 10 / 1 / ";шт;71,00;1 710,50;
"Сухари панир. ""Panko"" 10кг / Крупа 2 / 10 / 1 / Тверь";шт;89,00;1 414,00;
Крупа Метака;;;;
Кукурузная  Крупа 800гр (10шт)Стандарт / Крупа Метака / 0,8 / 10 / Метака;шт;8,00;48,36;