1;Авокадо повышенной жирности с/м Freshcourt 500гр, 12шт/кор, Мексика;343,00;шт;
2;АКЦИЯ Икра Масаго Голд оранжевая Умами 500гр, 6шт/кор;193,00;шт;
3;АКЦИЯ Икра Масаго Люкс малиновая Умами 500гр, 6шт/кор;197,00;шт;
4;Креветка ваннамей с/м в панцире б/г 21/25 кат.А Procesadora 5888 1,8кг,10,8кг/кор,Эквадор;912,00;кг;
5;Лосось с/м 5/6 EXPORTADORA LOS FIORDOS LIMITADA 10673, ±30кг/кор;1 238,00;кг;
6;Лосось филе с/м трим Д Salmones Camanchaca S.A. 08384 2,0-2,6кг, ±15кг/кор;2 088,00;кг;
7;Лосось филе с/м трим Д Yadran Quellon S. A. 10722, 141019 1,8-2,2кг, ±15кг/кор;2 099,00;кг;
8;Мидии голубые раковины 40/60 RIA AUSTRAL S A № 10671 1кг, 5шт/кор;337,00;кг;
9;Угорь жареный зам. технический в/у SANGO Wuyishan Hande 3500/02424 19-21oz 600-7000гр,10кг/кор;1 847,00;кг;
10;Ананасы консервированные кольца MIKADO 580мл/565гр/340гр, 12шт/кор;186,00;шт;
11;Ананасы консервированные кольца в легком сиропе Бояринъ 580мл/565гр/290гр ж/б, 12шт/кор;153,00;шт;
12;Ананасы консервированные кольца в легком сиропе Донская кухня 580мл/565гр/300гр ж/б, 24шт/кор;119,00;шт;
13;Ананасы консервированные кусочки MIKADO 580мл/565гр/340гр, 12шт/кор;154,00;шт;
14;Ананасы консервированные кусочки SUNFEEL 580мл/565гр/340гр ж/б, 24шт/кор;121,00;шт;
15;Ананасы консервированные кусочки в легком сиропе Бояринъ 580мл/565гр/340гр ж/б, 12шт/кор;132,00;шт;
16;Базилик SpicExpert 1кг пакет, 5шт/кор;450,00;шт;
17;Бастурма Premium Мискер ±400гр, ±2кг/кор;2 331,00;кг;
18;Бекон нарезка в/к зам. Буженаль Дымов 500гр, 10шт/кор;217,00;шт;
19;Бекон нарезка в/к зам. Дымов 500гр, 20шт/кор.;329,00;шт;
20;Бекон нарезка в/к зам. Златиборац 500гр, 12шт/кор;485,00;шт;
21;Бекон нарезка в/к охл.Орловский Знаменский МК 500гр, 16шт/кор;282,00;шт;
22;Бекон нарезка с/к зам. Дымов 500гр, 20шт/кор арт.1962;320,00;шт;
23;Бекон нарезка с/к зам. Ремит 500гр, 10шт/кор;406,00;шт;
24;Бобы соевые в стручках Эдамаме Esoro 500гр, 20шт/кор, Китай;226,00;шт;
25;Бобы соевые очищенные Мукимаме Мидори 500гр, 20шт/кор, Китай;317,00;шт;
26;Бобы соевые очищенные Эдамаме Esoro 250гр, 40шт/кор, Китай;150,00;шт;
27;Брезаола Premium Мискер ±400гр, ±2кг/кор;3 087,00;кг;
28;Брокколи с/м 2кг, 8кг/кор;231,00;кг;
29;Брокколи с/м, 8кг/кор;182,00;кг;
30;Брусника с/м, 10кг/кор;516,00;кг;
31;Брусника с/м, 10кг/кор;519,00;кг;
32;Булочка для гамбургера без кунжута d100мм Багерстат Рус 52гр, 48шт/кор арт. 1462/25113;609,00;кор;
33;Булочка для гамбургера без кунжута d125мм Багерстат Рус 82гр, 24шт/кор арт. 3014;486,00;кор;
34;Булочка для гамбургера Бриошь d100мм Багерстат Рус 55гр, 48шт/кор арт. 3262;843,00;кор;
35;Булочка для гамбургера Бриошь d125мм Багерстат Рус 84гр, 24шт/кор арт. 200991/26690001;603,00;кор;
36;Булочка для гамбургера Глейз d100мм Багерстат Рус 52гр, 48шт/кор арт. 221583;634,00;кор;
37;Булочка для гамбургера картофельная d125мм Багерстат Рус 80гр, 24шт/кор арт. 215500;632,00;кор;
38;Булочка для гамбургера мультизлаковая d125мм Багерстат Рус 87гр, 24шт/кор арт. 215501;613,00;кор;
39;Булочка для гамбургера с кунжутом d100мм Багерстат Рус 52гр, 48шт/кор арт. 1601/25114;669,00;кор;
40;Булочка для гамбургера с кунжутом d114мм Багерстат Рус 75гр, 30шт/кор арт. 3193;573,00;кор;
41;Булочка для гамбургера с кунжутом d125мм Багерстат Рус 82гр, 24шт/кор арт. 1648/3189;500,00;кор;
42;Булочка для гамбургера с кунжутом и глазировкой d125мм Багерстат Рус 82гр, 24шт/кор арт. 221584;587,00;кор;
43;Булочка для гамбургера Солнечная d114мм Багерстат Рус 72гр, 30шт/кор арт. 4261;573,00;кор;
44;Булочка для гамбургера черная d125мм Багерстат Рус 89гр, 24шт/кор арт. 3249;701,00;кор;
45;Булочка для гамбургера Чили с кунжутом d125мм Багерстат Рус 89гр, 24шт/кор арт. 3254;675,00;кор;
46;Булочка для датского хот-дога c кунжутом 170мм Багерстат Рус 60гр, 36шт/кор арт. 3256;588,00;кор;
47;Булочка для датского хот-дога без кунжута 170мм Багерстат Рус 60гр, 36шт/кор арт. 3257;581,00;кор;
48;Булочка для датского хот-дога Бриошь Багерстат Рус 60гр, 36шт/кор;590,00;кор;
49;Булочка для датского хот-дога Картофельная Багерстат Рус 60гр, 36шт/кор;586,00;кор;
50;Булочка для французского хот-дога 190мм с отв. 23мм Багерстат Рус 60гр, 40шт/кор арт. 17;701,00;кор;
51;Булочка для французского хот-дога Багерстат Рус 155гр, 20шт/кор арт.221579 MTI;818,00;кор;
52;Булочка мультизлаковая 40гр, 80шт/кор арт.306;628,00;кор;
53;Булочка с солодом и кориандром 40гр, 80шт/кор;657,00;кор;
54;Булочка Французская 40гр, 80шт/кор арт.301/80;660,00;кор;
55;Булочка Французская с кунжутом 40гр, 80шт/кор арт.302;643,00;кор;
56;Бульон грибной сухой Арикоn Profi 2,2кг, 4шт/кор;942,00;шт;
57;Бульон овощной Dinner Service 2кг ведро, 4шт/кор;755,00;шт;
58;Бульон Том Ям концентрированный EDA.click 500гр, 8шт/кор;248,00;шт;
59;Бульон Фо Бо концентрированный EDA.click 500гр, 8шт/кор;211,00;шт;
60;Васаби порошок Light эко NHAO 1кг, 10шт/кор;288,00;шт;
61;Васаби порошок NHAO Standart белый пакет 2кг, 6шт/кор;857,00;шт;
62;Васаби порошок NHAO Standart зеленый пакет 1кг, 10шт/кор;466,00;шт;
63;Васаби порошок горчичный Fumiko Premium 1кг, 10шт/кор, Китай;688,00;шт;
64;Васаби порошок горчичный Hansey 1кг, 10шт/кор, Россия;347,00;шт;
65;Васаби порошок на основе хрена Tamaki Pro 2кг, 10шт/кор;1 061,00;шт;
66;Васаби порошок на основе хрена Tamaki Pro Light 1кг, 10шт/кор;351,00;шт;
67;Васаби порционный 5гр стик, 600шт/кор, Россия;1 786,00;кор;
68;Вермишель крахмальная Фунчоза в брикетах Kekeshi 500гр, 30шт/кор, Китай;218,00;шт;
69;Вермишель крахмальная Фунчоза резаная Kekeshi 500гр, 30шт/кор, Китай;209,00;шт;
70;Вермишель крахмальная Харусаме Kekeshi 500гр, 30шт/кор, Китай;249,00;шт;
71;Ветчина Дмитровская из свинины Ø100мм Митлэнд ±2кг, ±10кг/кор;288,00;кг;
72;Ветчина Дмитровская из свинины категории В нарезка 20гр зам квадратная Знаменский ±350гр, ±5,6кг/кор;293,00;кг;
73;Ветчина Дмитровская из свинины категории В нарезка лепестки зам. Знаменский ±1,3кг, ±13кг/кор;288,00;кг;
74;Вишня б/к с/м 1 сорт, 10кг/кор;329,00;кг;
75;Вишня б/к с/м 2,5кг, 10кг/кор;369,00;кг;
76;Вишня б/к с/м, 10кг/кор, Турция;312,00;кг;
77;Водоросли Вакаме 500гр, 20шт/кор, Китай;721,00;шт;
78;Водоросли для Онигири в пленке 100л, 32шт/кор, Корея;1 120,00;шт;
79;Водоросли Комбу 1кг, 10шт/кор, Китай;1 516,00;шт;
80;Водоросли Нори Gold TG 240гр, 100л, 40шт/кор;710,00;шт;
81;Водоросли Нори №5 Tamaki 240гр, 100л, 40шт/кор, Корея;738,00;шт;
82;Водоросли Нори SANGO 100л, 96шт/кор;725,00;шт;
83;Водоросли Нори Tidori 100л, 40шт/кор, Корея;800,00;шт;
84;Водоросли Нори Tidori 100л, 84шт/кор, Корея;800,00;шт;
85;Водоросли Нори премиум RISMA 100л, 96шт/кор, Корея;774,00;шт;
86;Гедза с курицей Genso 500гр, 14шт/кор;358,00;шт;
87;Гедза со свининой Genso 500гр, 14шт/кор;282,00;шт;
88;Глутамат натрия в гранулах 454гр, 50шт/кор, Китай;184,00;шт;
89;Говядина вырезка б/к с/м Frigorifico BCF S.A  ±1,5кг, ±22кг/кор;1 670,00;кг;
90;Говядина вырезка зачищенная без цепочки с/м Plate ±1,6кг, ±24кг/кор;1 657,00;кг;
91;Говядина котлетное мясо мелкокусковое кат.Б б/к с/м Me eat too, ±5кг, ±20кг/кор;473,00;кг;
92;Говядина мраморная голяшка б/к с/м ПраймБиф ±2,5кг, ±25кг/кор;675,00;кг;
93;Говядина мраморная грудной отруб брискет б/к с/м ПраймБиф ±6,1кг, ±21,5кг/кор;991,00;кг;
94;Говядина мраморная ребра на кости зам Праймбиф ±2кг, ±10кг/кор;520,00;кг;
95;Говядина мраморная тонкий край б/к с/м ПраймБиф ±5,5кг, ±16,5кг/кор;1 355,00;кг;
96;Говядина оковалок б/к Импорт MINERVA S/A, ±9кг, ±20кг/кор;676,00;кг;
97;Говядина поясничный отруб Стриплойн б/к с/м Me eat too ±2,5кг, ±13кг/кор;992,00;кг;
98;Говядина спинной отруб Рибай Choice кат. А б/к с/м Me eat too ±4кг, ±16,5кг/кор;1 685,00;кг;
99;Говядина спинной отруб Рибай Choice кат. А б/к с/м Me eat too ±4кг, ±9,5кг/кор;1 685,00;кг;
100;Говядина филей верхней части бедра б/к с/м Пиканья ПраймБиф ±2,6кг, ±20,8кг/кор;1 155,00;кг;
101;Говядина филей подлопаточной части б/к с/м Under Blade ПраймБиф ±2,9кг, ±23,2кг/кор;1 693,00;кг;
102;Говядина шейный отруб кат. А б/к с/м Me eat too ±4кг, ±17,5кг/кор;530,00;кг;
103;Говядина язык зам. SWIFT ARGENTINA SA №13 ±1,5кг, ±22кг/кор;785,00;кг;
104;Говядина язык зам. Swiss cut IWP 791 Minerva S/A, ±1кг, ±25кг/кор, Бразилия;696,00;кг;
105;Горошек зеленый консервированный MIKADO 425мл/400гр/240гр, 12шт/кор;81,00;шт;
106;Горошек зеленый консервированный SUNFEEL 425мл/400гр/240гр, 12шт/кор;82,00;шт;
107;Горошек зеленый консервированный Донская кухня 3100мл/2840гр/1800гр ж/б, 4шт/кор;394,00;шт;
108;Горошек зеленый с/м, 10кг/кор;142,00;кг;
109;Горчица для хот-догов Нева Фуд 850гр, 6шт/кор;290,00;шт;
110;Гребешок филе с/м 10/20 глазурь 40% Huludao Chunh 1кг, 10кг/кор;1 021,00;кг;
111;Грибы белые 1 сорт с/м 1кг, 6кг/кор;1 094,00;кг;
112;Грибы древесные сушеные Муэр Namura 25гр, 10шт/кор, Китай;560,00;кор;
113;Грибы опята отборные цельные Донская кухня 3100мл/2840гр/1800гр ж/б, 6шт/кор;845,00;шт;
114;Грибы опята с/м 1кг, 6кг/кор;329,00;кг;
115;Грибы сушеные Шиитаке Namura 250гр, 40шт/кор, Китай;509,00;шт;
116;Грибы ЦаоГу для супа Том Ям Yumart 400гр, 24шт/кор, Китай;196,00;шт;
117;Грибы шампиньоны резаные MAYSUN 3100мл/2840гр/1930гр ж/б, 6шт/кор;415,00;шт;
118;Грибы шампиньоны резаные SUNFEEL 3100мл/2840гр/1930гр ж/б, 6шт/кор;593,00;шт;
119;Грибы шампиньоны резаные UmNO 3100мл/2840гр/1930гр ж/б, 6шт/кор;343,00;шт;
120;Грибы шампиньоны резаные Донская кухня 3100мл/2840гр/1930гр ж/б, 6шт/кор;337,00;шт;
121;Груши консервированные половинки в легком сиропе Донская кухня 850мл/820гр/460гр ж/б, 12шт/кор;127,00;шт;
122;Груши половинки в сиропе SUNFEEL 850мл/820гр/460гр, 12шт/кор;217,00;шт;
123;Донат с ванильно-сливочным кремом Panamania 65гр, 36шт/кор;1 380,00;кор;
124;Донат с карамельной начинкой CARAMELOVE Stokson 67гр, 12шт/кор;978,00;кор;
125;Донат с клубничной начинкой LOVE Stokson 71гр, 12шт/кор;1 178,00;кор;
126;Донат с клубничной начинкой Panamania 65гр, 36шт/кор;1 365,00;кор;
127;Донат с клубничной начинкой STRAWBERRY Stokson 70гр, 12шт/кор;1 059,00;кор;
128;Донат с кремовой начинкой COOKIES Stokson 75гр, 12шт/кор;1 142,00;кор;
129;Донат с кремовой начинкой COOKIES Stokson 75гр, 12шт/кор;1 024,00;кор;
130;Донат с начинкой из лесных ягод WILD FRUITS Stokson 70гр, 12шт/кор;998,00;кор;
131;Донат с начинкой из лимона и малины TEXAS Stokson 70гр, 12шт/кор;1 040,00;кор;
132;Донат с начинкой из лимона и малины TEXAS Stokson 70гр, 12шт/кор;1 034,00;кор;
133;Донат с начинкой из малины и смородины FRUTTI Stokson 70гр, 36шт/кор;2 728,00;кор;
134;Донат с начинкой из малины и творожного сыра PANNA COTTA Stokson 69гр, 12шт/кор;995,00;кор;
135;Донат с начинкой с ароматом капучино CAPUCCINO Stokson 73гр, 12шт/кор;1 181,00;кор;
136;Донат с начинкой со вкусом колы COLA Stokson 70гр, 12шт/кор;1 138,00;кор;
137;Донат с начинкой яблоко-корица CINNAMON Stokson 61гр, 12шт/кор;873,00;кор;
138;Донат с ореховой начинкой NUTTY CREAM Stokson 71гр, 12шт/кор;1 093,00;кор;
139;Донат с ореховой начинкой NUTTY CREAM Stokson 71гр, 12шт/кор;1 055,00;кор;
140;Донат с шоколадной начинкой TRIPLE CHOC Stokson 69гр, 12шт/кор;1 036,00;кор;
141;Донат с шоколадной начинкой TRIPLE CHOC Stokson 69гр, 12шт/кор;971,00;кор;
142;Донат с шоколадным кремом Panamania 65гр, 36шт/кор;1 365,00;кор;
143;Донат шоколадный с карамельной начинкой CARAMEL Stokson 67гр, 12шт/кор;971,00;кор;
144;Донат шоколадный с карамельной начинкой CARAMEL Stokson 67гр, 12шт/кор;893,00;кор;
145;Дорадо с/м 300/400 Agromey Gida ve Yem San. Tic. A. Ş. 09-0036, 5кг/кор;659,00;кг;
146;Дрессинг юдзу Yuzu 1кг, 12шт/кор, Корея;932,00;шт;
147;Икра горбуши Ikura SeaStar 250гр, 40шт/кор;1 334,00;шт;
148;Икра горбуши зернистая Совьет Классик 105гр ж/б, 12шт/кор;444,00;шт;
149;Икра Масаго аналоговая красная Haruko 250гр, 16шт/кор, Россия;169,00;шт;
150;Икра Масаго аналоговая оранжевая Haruko 250гр, 16шт/кор, Россия;165,00;шт;
151;Икра Масаго Голд красная Умами 500гр, 6шт/кор;495,00;шт;
152;Икра Масаго Голд оранжевая Умами 500гр, 8шт/кор;424,00;шт;
153;Икра Масаго зеленая Hansey 500гр, 12шт/кор, Россия;485,00;шт;
154;Икра Масаго красная Hansey 500гр, 12шт/кор, Россия;464,52;шт;
155;Икра Масаго красная Tamaki 500гр, 12шт/кор;649,00;шт;
156;Икра Масаго малиновая Вонбон 500гр, 8шт/кор, Россия;384,00;шт;
157;Икра Масаго малиновая Киракира 500гр, 8шт/кор, Россия;530,00;шт;
158;Икра Масаго оранжевая Hansey 500гр, 12шт/кор, Россия;464,52;шт;
159;Икра Масаго оранжевая Tamaki 500гр, 12шт/кор;526,00;шт;
160;Икра Масаго оранжевая Вонбон 500гр, 8шт/кор, Россия;473,00;шт;
161;Икра Масаго черная Hansey 500гр, 12шт/кор, Россия;491,00;шт;
162;Икра Масаго черная Вонбон 500гр, 8шт/кор, Россия;489,00;шт;
163;Икра Масаго черная Киракира 500гр, 8шт/кор, Россия;513,00;шт;
164;Икра Масаго Энко Люкс зеленая Санта Бремор 500гр, 6шт/кор;477,00;шт;
165;Икра Масаго Энко Люкс красная Санта Бремор 500гр, 6шт/кор;456,00;шт;
166;Икра Масаго Энко Люкс оранжевая Санта Бремор 500гр, 6шт/кор;469,00;шт;
167;Икра Тобико Икко-Ренка Люкс красная Санта Бремор 500гр, 6шт/кор;888,00;шт;
168;Икра Тобико Икко-Ренка Люкс оранжевая Санта Бремор 500гр, 6шт/кор;876,00;шт;
169;Имбирь маринованный белый NHAO 1,4кг, вес сухого вещества 1кг, 10шт/кор;177,00;шт;
170;Имбирь маринованный белый RISMA 1,5кг, вес сухого вещ-ва 1кг, 10шт/кор, Китай;208,00;шт;
171;Имбирь маринованный белый в баночке 30гр, 168шт/кор, Россия;2 018,00;кор;
172;Имбирь маринованный белый Мидори 1кг, 10шт/кор;182,00;шт;
173;Имбирь маринованный розовый Hansey 1,4кг, вес сухого вещ-ва 1кг, 10шт/кор, Китай;148,00;шт;
174;Имбирь маринованный розовый NHAO 1,4кг, вес сух вещества 1кг, 10 шт/кор;138,00;шт;
175;Имбирь маринованный розовый Tabuko 1,5кг, вес сухого вещ-ва 1кг, 10шт/кор, Китай;200,00;шт;
176;Имбирь маринованный розовый в баночке 30гр, 168шт/кор, Россия;1 786,00;кор;
177;Имбирь маринованный розовый Консервпродукт 1,4кг, вес сухого вещ-ва 1кг, 10шт/кор, Китай;149,00;шт;
178;Кальмар кольца в панировке Атлантис 1кг, 7шт/кор;933,00;шт;
179;Кальмар очищенный глазированный трубки с/м DONGGANG JINHUI FOODSTUFF CO.,LTD 2100/02826 1кг,10кг/кор;721,00;кг;
180;Кальмар очищенный х/к NAVAFISH MOSCOW 0,9-1,3кг, ±10,4кг/кор;457,00;кг;
181;Кальмар тушка неочищен. командорский NAVAFISH MOSCOW Лебедь 1кг, 6кг/кор;561,00;кг;
182;Кальмар тушка неочищен. командорский Океанрыбфлот 2*11кг, 22кг/кор;305,00;кг;
183;Кальмар тушка очищен. командорский BOREALIS 500гр, 18кг/кор;816,00;кг;
184;Капуста 1кг;52,00;кг;
185;Капуста брюссельская с/м 2,5кг, 10кг/кор;296,00;кг;
186;Капуста цветная с/м 2кг, 8кг/кор;201,00;кг;
187;Капуста цветная с/м, 10кг/кор;170,00;кг;
188;Кардамон целый SpicExpert 300гр/1000мл банка, 6шт/кор;2 494,98;шт;
189;Картофель дольки в кожуре жаренный со специями По-деревенски 2,5кг, 4шт/кор;483,00;шт;
190;Картофель дольки в кожуре со специями по-деревенски 10кг/кор;184,00;кг;
191;Картофель дольки с кожурой Iglotex Professional 2,5кг, 5шт/кор;689,00;шт;
192;Картофель дольки со специями Бистро 2,5кг, 4шт/кор;801,00;шт;
193;Картофель пюре с/м SuperFresh, 16кг/кор;119,00;кг;
194;Картофель фри 10*10мм 2,5кг, 5шт/кор;579,00;шт;
195;Картофель фри 10*10мм Feast 2,5кг, 6шт/кор;640,00;шт;
196;Картофель фри 10*10мм Torpat 2,5кг, 6шт/кор;694,00;шт;
197;Картофель фри 10*10мм кат. А Arvan 2,5кг, 4шт/кор;676,00;шт;
198;Картофель фри 9*9мм East Wood Unifood 2,5кг, 4шт/кор;390,00;шт;
199;Картофель фри 9*9мм FINE FOOD 2,5кг, 6шт/кор;684,00;шт;
200;Картофель фри 9*9мм Fry me 2,5кг, 5шт/кор;572,00;шт;
201;Картофель фри батат в панировке Mamma's Choice 2,5кг, 4шт/кор;1 034,00;шт;
202;Картофель фри без панировки 9*9мм Триумф Lamb Weston 2,5кг, 5шт/кор;459,00;шт;
203;Картофель фри без панировки 9*9мм Триумф Lamb Weston 2,5кг, 5шт/кор;463,00;шт;
204;Картофель фри с панировкой 9*9мм Fry Me Lamb Weston 2,5кг, 5шт/кор Сетафорс;631,00;шт;
205;Картофель фри с панировкой 9*9мм Fry Me Lamb Weston 2,5кг, 5шт/кор;640,00;шт;
206;Картофельные слайсы волнистые BONFRIT 2,5кг, 4шт/кор Трилайн;689,00;шт;
207;Кетчуп Got2eat Resfood 2кг пакет, 5шт/кор, Россия;356,00;шт;
208;Кетчуп томатный 2 категории Olfood 850гр, 12шт/кор;84,00;шт;
209;Кетчуп томатный Heinz 2кг, 6шт/кор;629,00;шт;
210;Кетчуп томатный Heinz 800гр пл/б, 8шт/кор;184,00;шт;
211;Кетчуп томатный Heinz дип-пот 25мл, 125шт/кор;1 767,00;кор;
212;Кетчуп шашлычный 2 категории OLFOOD 10кг ведро;753,00;шт;
213;Киноа красная Esoro 1кг, 15шт/кор, Россия;440,00;шт;
214;Кларий угревидный в соусе Панинское Плюс 500-600гр в/у, ±10кг/кор;1 087,00;кг;
215;Кленовый пекан Mantinga 95гр, 32шт/кор;3 828,00;кор;
216;Клубника с/м, 10кг/кор;156,00;кг;
217;Клубника с/м, 10кг/кор;162,00;кг;
218;Клюква лесная с/м, 10кг/кор;719,00;кг;
219;Клюква садовая 1кг, 10кг/кор;502,00;кг;
220;Клюква садовая с/м, 10кг/кор;518,00;кг;
221;Коврик для суши бамбуковый 24*24см Hikari Xinfeng Bamboo, 200шт/кор, Китай;72,00;шт;
222;Коврик для суши бамбуковый 27*27см Макису 50шт/кор;92,00;шт;
223;Колбаса Пепперони нарезка в/к зам. Дымов 1кг, 8шт/кор;470,00;шт;
224;Колбаса Пепперони нарезка с/к зам. Дымов 1кг, 8шт/кор арт. 5075;763,00;шт;
225;Колбаса Пепперони нарезка с/к зам. Ремит 1кг, 8шт/кор;675,00;кг;
226;Колбаса Пепперони Пикантная в/к Дмитровские колбасы 500гр, ±12кг/кор;465,00;кг;
227;Колбаса Пепперони Пицца в/к зам. Златиборац 500гр, 10шт/кор;464,00;шт;
228;Колбаса Чоризо с/к зам. Дымов 1кг, 8шт/кор арт. 4716;804,00;шт;
229;Колбаски для гриля Баварские Халяль в/у Рамай 560гр, 10шт/кор;216,00;шт;
230;Колбаски для гриля из говядины Халяль в/у Рамай 560гр, 10шт/кор;241,00;шт;
231;Колбаски для гриля из курицы Халяль в/у Рамай 560гр, 10шт/кор;216,00;шт;
232;Колбаски для жарки Барбекю Вюрцер в/к зам. Праймбиф 370гр, 10шт/кор;271,00;шт;
233;Колбаски для жарки Барбекю Вюрцер в/к зам. Праймбиф 370гр, 3,7кг/кор;725,00;кг;
234;Колбаски для жарки Мексиканские в/к зам. Праймбиф 370гр, 10шт/кор;283,00;шт;
235;Колбаски для жарки Мексиканские в/к зам. Праймбиф 370гр, 3,7кг/кор;743,00;кг;
236;Колбаски для жарки Сливовые в/к зам. Праймбиф 370гр, 10шт/кор;271,00;шт;
237;Колбаски для жарки Сливовые в/к зам. Праймбиф 370гр, 3,7кг/кор;710,00;кг;
238;Колбаски к пиву Брянские полуфабрикаты 150гр, 3кг/кор;564,00;кг;
239;Колбаски классические топпинг п/к в/у зам. Дымов 500гр, 10шт/кор арт. 3007;282,00;шт;
240;Колбаски куриные мини с перцем L8см Деликатес 30гр, ±10кг/кор арт. 157;589,00;кг;
241;Колбаски Мястория п/к в/у зам. Дымов 500гр, 10шт/кор;368,00;шт;
242;Колбаски Охотничьи п/к в/у зам. Дымов ±1кг, ±10кг/кор арт. 3031;599,00;кг;
243;Кольца луковые в панировке Feast 1,5кг, 6шт/кор;537,00;шт;
244;Коппа свиная сыровяленая Premium Мискер ±300гр, ±2кг/кор;2 796,00;кг;
245;Котлета для гамбургера из говядины 120мм 110гр, 40шт/4,4кг/кор;456,00;кг;
246;Котлета для гамбургера из говядины 120мм 110гр, 54шт/±5,94кг/кор;485,00;кг;
247;Котлета для гамбургера из говядины 120мм 90гр, 60шт/±5,4кг/кор;443,00;кг;
248;Котлета для гамбургера из говядины оригинальная 120мм 110гр, 40шт/4,4кг/кор;427,00;кг;
249;Котлета для гамбургера из говядины премиум 100мм 70гр, ±3,92кг/кор;452,00;кг;
250;Котлета для гамбургера из говядины премиум 120мм 150гр, ±6,3кг/кор;471,00;кг;
251;Котлета для гамбургера из говядины халяль d120мм МДМ 100гр, 88шт/кор;454,00;кг;
252;Котлета для гамбургера из курицы d120мм МДМ 105гр, 78шт/кор;392,00;кг;
253;Котлета для гамбургера из курицы в панировке 110мм 110гр, 40шт/4,4кг/кор;321,00;кг;
254;Котлета для гамбургера из курицы в панировке 120мм 120гр, 5кг/кор;327,00;кг;
255;Котлета для гамбургера из курицы в панировке с солью и перцем Деликатес 125гр, 18,75кг/кор, Россия;373,00;кг;
256;Котлета для гамбургера из курицы в панировке с солью и перцем Деликатес 75гр, ±18кг/кор,Россия арт.694;366,00;кг;
257;Котлета для гамбургера из курицы особая Атлантис 100мм 80гр, 1кг, 12шт/кор;454,00;шт;
258;Котлета для гамбургера из мраморной говядины Marbled Beef Cutlet ПраймБиф 180гр, ±13,5кг/кор;483,00;кг;
259;Котлета для гамбургера из мраморной говядины Me eat too 150гр, ±16,2кг/кор;500,00;кг;
260;Котлета куриная в панировке Вкусные ГК Атлантис 90мм 60гр, 1кг, 12шт/кор;425,00;шт;
261;Котлета сырная в панировке Вкусные ГК Атлантис 90мм 115гр, 1,2кг, 10шт/кор;428,00;шт;
262;Крабовое мясо зам. Вичюнай 1кг, 6шт/кор;221,00;шт;
263;Крабовое мясо Снежный Краб TOKIMO 160гр, 24шт/кор;182,00;шт;
264;Крабовое мясо Супер Снежный Краб TOKIMO 200гр, 25шт/кор;217,00;шт;
265;Крабовые палочки Columbus Вичюнай, 5кг/кор;235,00;кг;
266;Крабовые палочки зам. Вичюнай Снежный краб 500гр, 6шт/кор;223,00;шт;
267;Крабовые палочки с мясом краба КВЭН 200гр, 25шт/кор;145,00;шт;
268;Крабовые палочки с мясом краба КВЭН 500гр, 24шт/кор;409,00;шт;
269;Крабовые палочки Снежный краб KANI 500гр, 6шт/кор;225,60;шт;
270;Крабовые палочки Снежный краб Санта Бремор 500гр, 12шт/кор;227,00;шт;
271;Крахмал кукурузный SpicExpert 1кг пакет, 15шт/кор;195,00;шт;
272;Креветка белоногая очищенная маринованная в хрустящей панировке ГК Атлантис 1кг, 10шт/кор;1 099,00;шт;
273;Креветка в панировке Панко 1кг, 10уп/кор;1 055,00;упак;
274;Креветка ваннамей в/м в панцире с/г 50/70 Агама Роял Гринланд ООО Проморе, 5кг/кор, Россия;636,00;кг;
275;Креветка ваннамей в/м очищенная 200/300 Санта Бремор 1кг, 6шт/кор;1 077,00;упак;
276;Креветка ваннамей в/м очищенная б/г 51/60 M/s SANDHYA MARINES LIMITED 946 ±1кг, ±9,3кг/кор, Индия;1 175,00;кг;
277;Креветка ваннамей с/м в панцире б/г 16/20 95-99шт EMPACADORA BILBO SA BILBOSA 1,8кг,18кг/кор,Эквадор;966,00;кг;
278;Креветка ваннамей с/м в панцире б/г 16/20 95-99шт M/s Baby Marine Inter 669 1,8кг, 10,8кг/кор;1 020,00;кг;
279;Креветка ваннамей с/м в панцире б/г 16/20 Productos Perecibles y Mariscos. PROPEMAR 1,8кг,10,8кг/кор;1 049,00;кг;
280;Креветка ваннамей с/м в панцире б/г 16/20 RISMA Productos Perecibles y Mariscos 672 1,8кг,10,8кг/кор;1 094,00;кг;
281;Креветка ваннамей с/м в панцире б/г 21/25 110-120шт EMPACADORA BILBO BILBOSA 1,8кг,18кг/кор,Эквадор;877,00;кг;
282;Креветка ваннамей с/м в панцире б/г 21/25 115-119шт кат.2 Castlerock Fisherie 1,8кг,10,8кг/кор,Индия;945,00;кг;
283;Креветка ваннамей с/м в панцире б/г 21/25 Risma M/s Baby Marine Inter 669 1,8кг, 10,8кг/кор, Индия;973,00;кг;
284;Креветка ваннамей с/м в панцире б/г 26/30 Fish&More M/s Castlerock Fisheries Ltd253 1,8кг,10,8кг/кор;972,00;кг;
285;Креветка ваннамей с/м в панцире б/г 26/30 Fish&More M/S IFB AGRO Indust.DL477 1,8кг,10,8кг/кор Индия;918,00;кг;
286;Креветка ваннамей с/м в панцире б/г с/х 21/25 Promarisco SA 1,5кг, 15кг/кор, Эквадор;1 008,00;кг;
287;Креветка ваннамей с/м в панцире б/г 21/25 кат.А Productos Perecibles PROPEMAR672 1,8кг, 10,8/кор, Эквадор;978,00;кг;
288;Креветка ваннамей с/м очищенная б/г 26/30 M/s Falcon Marine Exports Ltd. 430 1кг, 10кг/кор, Индия;1 030,00;кг;
289;Креветка ваннамей с/м очищенная б/г 31/40 CRUSTAMAR S.A. 5кг, 10кг/кор, Эквадор;979,00;кг;
290;Креветка ваннамей с/м очищенная б/г 51/60 EMPACADORA CRUSTAMAR S.A. 5кг, 10кг/кор, Эквадор;889,00;кг;
291;Креветка ваннамей с/м очищенная б/г с/х 31/40 M/s Falcon Marine Exports Ltd.430 1кг, 10кг/кор, Индия;970,00;кг;
292;Креветка ваннамей с/м очищенная б/х в панировке 21/25 MINH PHU HAU GIANG SEAFOOD DL734 1кг,6кг/кор;1 270,00;кг;
293;Креветка ваннамей с/м очищенная в панировке 21/25 Minh Phu Seafood Corp dl145 1кг, 10шт/кор, Вьетнам;1 231,00;упак;
294;Креветка ваннамей торпедо с/м очищенная с/х в панировке 21/25 MINH PHU HAU DL734 1кг, 6кг/кор;1 235,00;кг;
295;Креветка ваннамей с/м очищенная шарики в панировке 21/25MINH PHU HAUGIANG SEAFOOD DL734 1кг,10кг/кор;1 213,00;кг;
296;Креветка северная в/м в паницире с/г 90/120 РК Заря, 5кг/кор;894,00;кг;
297;Креветка северная в/м в панцире с/г 90-130шт Rongcheng seafood Co., LTD 3700/02B42, 5кг/кор;890,00;кг;
298;Крем-сыр творожный для профессионального применения Любодар 3,3кг;928,00;шт;
299;Крем-сыр творожный Любодар 3,3кг;899,00;шт;
300;Крокеты картофельные Feast 1,5кг, 6шт/кор;313,00;шт;
301;Крокеты картофельные Unifood 1кг, 10шт/кор;295,00;шт;
302;Крокеты картофельные Смайлы BONFRIT 1кг, 10шт/кор;230,00;шт;
303;Крокеты картофельные шарики BONFRIT 1кг, 10шт/кор;275,00;шт;
304;Круассан мультизерновой с апельсиновой начинкой Casa Giani 90гр, 50шт/кор;2 406,00;кор;
305;Круассан на сливочном масле Gourmand S.A. 65гр, 80шт/кор;3 528,00;кор;
306;Круассан с манго и маракуйей Озон Вкус 85гр, 30шт/кор;1 715,00;кор;
307;Круассан с миндальным кремом Озон Вкус 100гр, 30шт/кор;1 842,00;кор;
308;Круассан с сыром Маген-Д 90гр, 50шт/кор;2 205,00;кор;
309;Круассан с фисташковым кремом Озон Вкус 85гр, 30шт/кор;2 107,00;кор;
310;Круассан шоколадный Озон Вкус 85гр, 30шт/кор;1 784,00;кор;
311;Крылья куриные в панировке Золотые Водный мир 1кг, 12кг/кор;562,00;шт;
312;Крылья куриные в панировке Особые ГК Атлантис 1кг, 12шт/кор;387,00;шт;
313;Крылья куриные запеченные Вкусные Атлантис 1кг, 12шт/кор;473,00;шт;
314;Крылья куриные плечевая и локтевая части запеченные в панировке Золотистые Атлантис 1кг, 12шт/кор;521,00;шт;
315;Крылья куриные плечевая часть запеченная Servolux Professional 2кг, ±12кг/кор;440,00;кг;
316;Куки овсяный с изюмом и лимоном Чизберри 70гр, 34шт/кор прозрачная упаковка;45,00;шт;
317;Куки шоколадный с белой шоколадной глазурью Чизберри 70гр, 28шт/кор цветная упаковка;1 313,00;кор;
318;Кукуруза консервированная высший сорт Овощной край 425мл, 12шт/кор;58,00;шт;
319;Кукуруза консервированная сладкая в зернах MIKADO 425мл/340гр/272гр ж/б, 12шт/кор;86,00;шт;
320;Кукуруза консервированная сладкая в зернах SUNFEEL 425мл/340гр/272гр ж/б, 12шт/кор;78,00;шт;
321;Кукуруза консервированная сладкая в зернах Донская кухня 425мл/400гр/240гр ж/б, 12шт/кор;73,00;шт;
322;Кукуруза початки с/м, 11кг/кор;152,00;кг;
323;Кумин (зира) молотый SpicExpert 1кг пакет, 10шт/кор;1 096,00;шт;
324;Кунжут белый очищенный VAl'DE 1кг в/у, 14шт/кор, Индия;459,00;шт;
325;Кунжут белый очищенный жареный Hikari 1кг, 8шт/кор, Россия;505,00;шт;
326;Кунжут белый очищенный нежареный Мидори 1кг, 10шт/кор;477,00;шт;
327;Кунжут черный неочищенный жареный Hansey 1кг, 15шт/кор, Россия;491,00;шт;
328;Курица бедро филе ЦБ б/к зам. КУРКОД ±1кг подложка, ±8кг/кор;423,00;кг;
329;Курица бедро филе ЦБ без кожи СОФРИНО ±800гр, ±9,6кг/кор;536,00;кг;
330;Курица бедро филе ЦБ без кожи Халяль зам. Ганна ±2кг, ±12кг/кор;446,00;кг;
331;Курица бедро филе ЦБ без кости без кожи зам. ИП Поляков ±1кг, ±12кг/кор;439,00;кг;
332;Курица грудка филе большое ЦБ без кости зам. халяль ИП Поляков ±1кг, ±15кг/кор;396,00;кг;
333;Курица грудка филе малое ЦБ без кожи ГОСТ зам. ЛЕНИНГРАД 10кг, 20кг/кор;415,00;кг;
334;Курица грудка филе Петруха подложка ±850гр, ±14кг/кор;417,00;кг;
335;Курица грудка филе ЦБ без кожи ГОСТ зам. Богородские деликатесы ±800гр подложка, ±10кг/кор;380,00;кг;
336;Курица грудка филе ЦБ без кожи зам. ЛЕНИНГРАД ±2кг пакет, ±16кг/кор;410,00;кг;
337;Курица грудка филе ЦБ без кожи зам. Мираторг 2,5кг, 12,5кг/кор;485,00;кг;
338;Курица крыло 2 фаланги Мир Донер подложка, ±15кг/кор;336,00;кг;
339;Курица крыло ЦБ 2 фаланги ГОСТ зам. Богородские Деликатесы ±800гр подложка, ±8кг/кор;352,00;кг;
340;Курица филе грудки в/к зам. Сычевские фермы 2,5кг, 10кг/кор;626,00;кг;
341;Курица цыпленок-корнишон кукурузного откорма желтый 500гр, 20шт/кор;266,00;шт;
342;Курица шаурма зам. халяль ИП Поляков, ±5кг/кор;356,00;кг;
343;Кускус пшеничный Националь 450гр, 6шт/кор;107,00;шт;
344;Лавровый лист SpicExpert 50гр/1000мл банка, 6шт/кор;144,30;шт;
345;Ланч-бокс с/сб с окном лам. 1,5л 200*200*40мм крафт Döckel, 400шт/кор, Россия;16,00;шт;
346;Лапша гречневая Соба Kekeshi 2,4кг, 5шт/кор, Казахстан;495,00;шт;
347;Лапша гречневая Соба Kekeshi 2,4кг, 5шт/кор, Китай;510,00;шт;
348;Лапша гречневая Соба Kekeshi 300гр, 40шт/кор, Китай;67,00;шт;
349;Лапша гречневая Соба Kekeshi 400гр, 30шт/кор, Казахстан;87,00;шт;
350;Лапша гречневая Соба Сэн Сой 300гр, 24шт/кор, Китай;128,00;шт;
351;Лапша крахмальная Фунчоза Takemura 500гр, 30шт/кор;186,00;шт;
352;Лапша пшеничная Удон Kekeshi 2,4кг, 5шт/кор, Казахстан;509,00;шт;
353;Лапша пшеничная Удон Kekeshi 2,4кг, 5шт/кор, Китай;509,00;шт;
354;Лапша пшеничная Удон Kekeshi 300гр, 40шт/кор, Китай;65,00;шт;
355;Лапша пшеничная Удон Kekeshi 400гр, 30шт/кор, Казахстан;76,00;шт;
356;Лапша пшеничная Удон Сэн Сой 300гр, 24шт/кор;107,46;шт;
357;Лапша рисовая Вьетнамская для фо бо и вок 5мм Kekeshi 500гр, 20шт/кор, Вьетнам;187,00;шт;
358;Лапша яичная Kekeshi 400гр, 30шт/кор, Казахстан;77,00;шт;
359;Лапша яичная Рамен в брикетах Kekeshi 1кг, 12шт/кор, Китай;391,00;шт;
360;Лапша яичная Сэн Сой 300гр, 24шт/кор;97,00;шт;
361;Лепешка Пратха с зеленым луком Kekeshi 450гр, 10шт/кор;149,00;шт;
362;Листья каффир-лайма сушеные HOM-D 100гр, 12шт/кор, Таиланд;676,00;шт;
363;Листья каффир-лайма сушеные HOM-D 100гр, 16шт/кор, Таиланд;646,00;шт;
364;Лосось с/м 4/5 с/г Премиум Entrevientos S A 12152, ±24кг/кор, Чили;1 234,00;кг;
365;Лосось с/м 4/5 с/г Премиум Yadran Quellon S. A., ±25кг/кор, Чили;1 214,00;кг;
366;Лосось с/м 5/6 SALMONES CAMANCHACA S.A. 8384, ±28кг/кор;1 298,00;кг;
367;Лосось с/м 5/6 с/г Премиум Entrevientos S A 12152, ±24кг/кор, Чили;1 249,00;кг;
368;Лосось с/м 6/7 ALVAREZ Y ALVAREZ LIMITADA 12103, ±25кг/кор;1 487,00;кг;
369;Лосось филе с/c зам. трим С Пеликан 1,4-1,8кг, ±15кг/кор;1 868,00;кг;
370;Лосось филе с/м полностью очищенный NAVAFISH MOSCOW 1,6-1,8кг, ±12,6кг/кор;1 925,00;кг;
371;Лосось филе с/м трим Д ALIMENTOS MULTIEXPORT S A 1,4-1,8кг, ±15кг/кор;1 899,00;кг;
372;Лосось филе с/м трим Д SALMONES CAMANCHACA S.A. 2,0-2,5кг, ±16кг/кор, Чили;2 145,00;кг;
373;Лосось филе с/м трим Д Yadran Quellon S. A. 10722, 141019 1,4-1,8кг, ±15кг/кор;2 054,00;кг;
374;Лосось филе с/м трим Д Пеликан 1,4-1,8кг, ±12кг/кор;2 050,00;кг;
375;Лосось филе с/с зам. полностью очищенный NAVAFISH MOSCOW 1,6-1,8кг, ±12,6кг/кор;1 900,00;кг;
376;Лосось филе с/с зам. трим А Маринист 1,7-2,4кг, ±8кг/кор;1 716,00;кг;
377;Лосось филе с/с зам. трим А Пеликан 1,6-2,0кг, ±15кг/кор;1 836,00;кг;
378;Лосось филе с/с зам. трим ПР NAVAFISH MOSCOW Лебедь 1,6-1,8кг, ±12кг/кор, Россия;1 829,00;кг;
379;Лосось филе х/к зам. трим А Пеликан 1,6-2,0кг, ±15кг/кор;1 719,00;кг;
380;Лосось филе х/к зам. трим ПР NAVAFISH MOSCOW Лебедь 1,6-1,8кг, ±12кг/кор, Россия;1 724,00;кг;
381;Лосось филе х/к зам. трим С Пеликан 1,4-1,8кг, ±15кг/кор;1 906,00;кг;
382;Лук жареный BSR Foods 1кг, 20шт/кор;584,00;шт;
383;Лук репчатый 1кг;29,00;шт;
384;Майонез EFKO FOOD professional универсальный 67% 10л/9,34кг ведро;1 677,00;шт;
385;Майонез ГаспарФуд 67% 10л/9,4кг ведро;1 481,00;шт;
386;Майонез Печагин Профи 56% 10л/9,5кг ведро;1 382,00;шт;
387;Майонез Печагин Профи 67% 10л/9,4кг ведро;1 422,00;шт;
388;Майонез Печагин Профи 67% 5л/4,7кг ведро;750,00;шт;
389;Майонез Печагин Профи 67% 940мл/880гр ведро, 6шт/кор;157,00;шт;
390;Майонез Печагин Профи 78% 10л/9,3кг ведро;1 713,00;шт;
391;Майонез Печагин Профи 78% 5л/4,65кг ведро;872,00;шт;
392;Майонез Печагин Экстра 67% 10л/9,4кг ведро;1 514,00;шт;
393;Майонез Печагин Экстра 67% 3л/2,82кг ведро, 2шт/кор;472,00;шт;
394;Майонез Провансаль 50,5% Тогрус 10л/10кг ведро;1 277,00;шт;
395;Майонез Провансаль 55% Тогрус 10л/10кг ведро;1 360,00;шт;
396;Майонез Провансаль 67% ВК15 HOLBERG 10л/9,4кг ведро;1 363,00;шт;
397;Майонез Провансаль 67% Оливьер 10л/9,4кг ведро;1 409,00;шт;
398;Малина с/м, 10кг/кор;441,00;кг;
399;Малина целая с/м 2,5кг, 10кг/кор;314,00;кг;
400;Манго без добавок кубик с/м Esoro 1кг, 10шт/кор, Перу;628,00;шт;
401;Манго консервированные ломтики в сиропе MIKADO 425мл, 12шт/кор;143,00;шт;
402;Маслины резаные MIKADO 1500мл/1400гр/935гр в/у, 10шт/кор, Испания;653,00;шт;
403;Маслины резаные б/к Донская кухня 3100мл/3000гр/1450гр ж/б, 6шт/кор;924,00;шт;
404;Маслины целые б/к Донская кухня 300мл/280гр/90гр ж/б, 12шт/кор;99,00;шт;
405;Маслины целые черные б/к MIKADO 300мл/280гр/90гр, 12шт/кор;107,00;шт;
406;Масло кунжутное 1,8л, 6шт/кор, Китай;1 266,00;шт;
407;Масло кунжутное AKISO 1л, 6шт/кор;437,00;шт;
408;Масло кунжутное Genso 500мл, 12шт/кор, Россия;439,00;шт;
409;Масло кунжутное Real China Genso 500мл, 12шт/кор, Россия;395,00;шт;
410;Масло оливковое Sansa Oliveto 1л пл/б, 12шт/кор;749,00;шт;
411;Масло оливковое рафинированное с добавлением нераф. Pomace ADAM'C 1л, 12шт/кор;488,00;шт;
412;Масло оливковое рафинированное с добавлением нераф. Pomace ADAM'C 5л;2 360,00;шт;
413;Масло подсолнечное Благо 1л, 15шт/кор;128,00;шт;
414;Масло подсолнечное Каролина 5л, 3шт/кор;667,00;шт;
415;Масло подсолнечное Печагин 1л, 15шт/кор;133,00;шт;
416;Масло подсолнечное Санни Голд 1л, 15шт/кор;122,00;шт;
417;Масло подсолнечное Санни Голд 5л, 3шт/кор;626,00;шт;
418;Масло подсолнечное Урожайное 1л, 15шт/кор;131,00;шт;
419;Масло сладко-сливочное 82,5% Ренферли 400гр, 20шт/кор;284,00;шт;
420;Масло сладко-сливочное листовое халяль 82,5% Zealandia 2кг, 5шт/кор;1 581,00;шт;
421;Масло сладко-сливочное несоленое Крестьянское 72,5% Сливочная страна 500гр, 20шт/кор;301,00;шт;
422;Масло сладко-сливочное несоленое халяль 83% Zealandia Kitchen 500гр, 10шт/кор;426,00;шт;
423;Масло сладко-сливочное несоленое халяль 84% Zealandia 500гр, 10шт/кор;398,00;шт;
424;Масло сладко-сливочное Традиционное несоленое высший сорт 82,5% Zealandia Kitchen, 20кг/кор;17 210,00;шт;
425;Масло сливочное традиционное 82,5% Creme 400гр, 12шт/кор;413,00;шт;
426;Масло сливочное традиционное 82,5% Creme монолит 5кг;2 700,00;шт;
427;Масло сливочное традиционное 82,5% Mont 400гр, 12шт/кор, Новая Зеландия;378,00;шт;
428;Масло фритюрное Ай Фрай 5л, 3шт/кор;721,00;шт;
429;Масло фритюрное Благо Pro 5л, 3шт/кор;757,00;шт;
430;Масло фритюрное Вегафрай 05 7,5л пакет;1 205,00;шт;
431;Масло фритюрное Санни Голд 5л, 3шт/кор;721,00;шт;
432;Масляная рыба филе х/к ГОСТ Пеликан 1,8-2кг, ±10кг/кор;1 131,00;кг;
433;Масляная рыба филе х/к зам. NAVAFISH MOSCOW Лебедь 1,3-1,6кг, ±10кг/кор;1 141,00;кг;
434;Маффин Банановый Сheeseberry 100гр, 27шт/кор;1 210,00;кор;
435;Маффин с шоколадом Маген-Д 100гр, 30шт/кор;1 544,00;кор;
436;Маффин Сливочный с темной шоколадной глазурью Сheeseberry 100гр, 27шт/кор;1 186,00;кор;
437;Мед цветочный натуральный 1кг, 12шт/кор;222,00;шт;
438;Мед цветочный сбор 1кг, 12шт/кор;195,00;шт;
439;Мидии мясо в/м 200/300 RISMA Yantai Dachen Food Products Co. Ltd 3700/02441 1кг, 10кг/кор, Китай;525,00;кг;
440;Мидии мясо в/м 200/300 RISMA Царская Рыба ТД 1кг, 10кг/кор, Россия;554,00;кг;
441;Молоко кокосовое 17-19% CHANG Luong Quoi Coconut, 1л тетрапак, 12шт/кор, Вьетнам;285,00;шт;
442;Молоко растительное банановое Barista Prolate 1л, 6шт/кор;131,00;шт;
443;Молоко растительное миндальное Barista Prolate 1л, 6шт/кор;125,00;шт;
444;Молоко растительное миндальное на рисовой основе Green Milk Professional 1л, 12шт/кор;152,00;шт;
445;Молоко растительное миндальное обогащенное кальцием и витаминами Barista Almond ALPRO 1л, 12шт/кор;238,00;шт;
446;Молоко ультрапастеризованное 0,5% ЭкоНива 1л, 12шт/кор;55,00;шт;
447;Молоко ультрапастеризованное 2,5% Молочная речка 973мл, 12шт/кор;76,00;шт;
448;Молоко ультрапастеризованное 3,2% Любаня из Кубани 1л без крышки, 12шт/кор;74,00;шт;
449;Молоко ультрапастеризованное 3,2% Любаня из Кубани 1л с крышкой, 12шт/кор;83,00;шт;
450;Молоко ультрапастеризованное 3,2% Милушка 1л без крышки, 12шт/кор;72,00;шт;
451;Молоко ультрапастеризованное 3,2% Милушка 1л с крышкой, 12шт/кор;78,00;шт;
452;Молоко ультрапастеризованное 3,2% Молочная Речка 973мл, 12шт/кор;101,00;шт;
453;Молоко ультрапастеризованное 3,2% Хорошее дело 1л slim с крышкой, 12шт/кор;85,00;шт;
454;Молоко ультрапастеризованное 3,2% ЭкоНива 1л, 12шт/кор;102,00;шт;
455;Морской коктейль 5 ингр. Zhoushan Dongyu Foods Co., Ltd.,3300/02095 930гр, 9,3кг/кор, Китай;407,00;кг;
456;Морской коктейль 5 ингр.глазурь 7% Zhoushan Longxin Fisheries Co. Ltd 3300/02098 1кг,10шт/кор, Китай;417,00;шт;
457;Моцарелла белково-жировой продукт 45% Mozaretti Mozzarella for Pizza 3кг, 18кг/кор;347,00;кг;
458;Моцарелла белково-жировой продукт 45% Лучший продукт ±1кг, ±6кг/кор;360,00;кг;
459;Моцарелла белково-жировой продукт 50% Extra Alti ±2кг, ±6шт/кор, Куба;385,00;кг;
460;Моцарелла белково-жировой продукт 50% Extra Alti 2кг, 6шт/кор;442,00;кг;
461;Моцарелла белково-жировой продукт 50% Pizza topping Владпромсыр ±1,1кг, ±13,2кг/кор;469,00;кг;
462;Моцарелла белково-жировой продукт 50% кубик Extra Alti 1кг, 10кг/кор арт. 410322;428,00;кг;
463;Моцарелла белково-жировой продукт Extra Topping 50% ФРЭСКОЧИЗ  ±1,2кг, ±16,8кг/кор;326,00;кг;
464;Моцарелла молокосодержащий продукт 40% Gourmet Fit Alti 2кг, 6шт/кор;484,00;кг;
465;Моцарелла молокосодержащий продукт 48% Original Alti 2кг, 6шт/кор;446,00;кг;
466;Моцарелла молокосодержащий продукт 48% для пиццы Ясногорские сыры ±1,3кг, ±13кг/кор;372,00;кг;
467;Моцарелла молокосодержащий продукт 48% кубик Original Alti, 10кг/кор;454,00;кг;
468;Моцарелла молокосодержащий продукт 48% тертая Original Alti 1кг, 10шт/кор;494,00;шт;
469;Моцарелла молокосодержащий продукт 48% топпинг Ясногорский сыр ±1,3кг, ±13кг/кор;377,00;кг;
470;Мука для пиццы из мягких сортов пшеницы Medium СуперМука 25кг арт. 16716;1 444,00;шт;
471;Мука для пиццы из мягких сортов пшеницы Standart СуперМука 25кг арт. 11061;1 862,00;шт;
472;Мука для пиццы Печенов 20кг;838,00;шт;
473;Мука панировочная Кляр 1кг, 20шт/кор;88,00;шт;
474;Мука пшеничная хлебопекарная высший сорт ГОСТ Печенов 20кг;725,00;шт;
475;Мука пшеничная хлебопекарная высший сорт ГОСТ Раменская 25кг;931,00;шт;
476;Мука пшеничная хлебопекарная высший сорт ГОСТ Раменская 2кг, 6шт/кор;82,00;шт;
477;Мука пшеничная хлебопекарная сорт Экстра Печенов 2кг, 6шт/кор;88,00;шт;
478;Мускатный орех молотый КOTANYI 170гр/400мл п/банка, 6шт/кор;1 322,00;шт;
479;Наггетсы куриные в панировке ГК Атлантис 1кг, 12шт/кор;408,00;шт;
480;Наггетсы куриные в темпуре Атлантис 1кг, 12шт/кор;417,00;шт;
481;Наггетсы куриные классические халяль МДМ 1,5кг, 4,5кг/кор;429,00;кг;
482;Облепиха с/м 1кг, 9кг/кор;348,00;кг;
483;Облепиха с/м, 10 кг/кор;296,00;кг;
484;Огурцы корнишоны 3-6см MIKADO 720мл/360гр ст/б, 8шт/кор;159,00;шт;
485;Огурцы марин. Донская кухня 3100мл/2840гр/1500гр ж/б, 4шт/кор;391,00;шт;
486;Огурцы марин. Дядя Ваня 1000мл/1800гр/960гр ст/б, 6шт/кор;263,00;шт;
487;Огурцы марин. слайсы Бояринъ 4250мл/4000гр/2120гр ж/б, 3шт/кор, Индия;900,00;шт;
488;Огурцы марин. целые 9-12см Бояринъ 3100мл/2936гр/1550гр ж/б, 6шт/кор, Индия;566,00;шт;
489;Огурцы марин. целые 9-12см Бояринъ 3100мл/3000гр/1550гр ж/б;460,00;шт;
490;Огурцы марин. слайсы MAYSUN 4,9кг/2,5кг, 3шт/кор;678,00;шт;
491;Оливки б/к крупные Донская кухня 370мл/350гр/170гр ст/б, 12шт/кор;118,00;шт;
492;Оливки резаные б/к HERACLIO 3100мл/3000гр/1560гр ж/б, 6шт/кор;703,00;шт;
493;Оливки целые б/к SUNFEEL 300мл/280гр/90гр, 12шт/кор;111,00;шт;
494;Оливки целые б/к Донская кухня 300мл/280гр/90гр ж/б, 12шт/кор;88,00;шт;
495;Орегано SpiceExpert 1кг, 6шт/кор;539,00;шт;
496;Орегано SpicExpert 150гр/1000мл банка, 6шт/кор;182,00;шт;
497;Орегано SpicExpert 500гр пакет, 15шт/кор;297,00;шт;
498;Основа для морса из вишни Zagotprom 2кг, 5шт/кор;744,00;шт;
499;Основа для морса из клюквы Zagotprom 2кг, 5шт/кор;1 146,00;шт;
500;Основа для морса из малины Zagotprom 2кг, 5шт/кор;972,00;шт;
501;Основа для морса из облепихи Zagotprom 2кг, 5шт/кор;828,00;шт;
502;Основа для морса из черной смородины Zagotprom 2кг, 5шт/кор;831,00;шт;
503;Основа для напитков Манго-маракуйя Barinoff 1кг, 6шт/кор;649,00;шт;
504;Основа для напитков Облепиха Barinoff 1кг, 6шт/кор;468,00;шт;
505;Основа для Неаполитанской пиццы с красным соусом CAMPANELLA 230гр, 10шт/кор;71,00;шт;
506;Основа для Римской пиццы 20*25 S Repin's Parbake 180гр, 20шт/кор;1 186,00;кор;
507;Основа для Римской пиццы 20*30 CAMPANELLA 180гр, 10шт/кор;74,00;шт;
508;Основа для Римской пиццы 25*35 L Repin's Parbake 330гр, 20шт/кор;1 450,00;кор;
509;Основа для Римской пиццы 25*55 XL Repin's Parbake 560гр, 10шт/кор;1 561,00;кор;
510;Основа для Римской пиццы круглая 25*27 К Repin's Parbake 200гр, 20шт/кор;1 230,00;кор;
511;Осьминог с/м 40/60 Ngoc Tung Co., Ltd DL-266 1кг, 10кг/кор, Вьетнам;689,00;кг;
512;Осьминог с/м очищенный PRIMA INDO TUNA 1-2кг, ±15кг/кор, Индонезия;942,00;кг;
513;Палочки бамбуковые 23см в/у 100пар/упак, 30упак/кор, Китай;177,00;шт;
514;Палочки бамбуковые круглые 21см в/у 100пар/упак, 30упак/кор, Китай;124,00;шт;
515;Палочки бамбуковые круглые 22,5см в/у 100пар/упак, 30упак/кор, Китай;138,00;шт;
516;Палочки круглые из березы в/у 23см 100пар/упак, 30упак/кор, Россия;127,00;шт;
517;Палочки сырные Моцарелла в панировке Alti 1кг, 8шт/кор;558,00;шт;
518;Палочки сырные Моцарелла в панировке Фрост-А 1кг, 10уп/кор;608,00;упак;
519;Паприка с ароматом копчения SpicExpert 1кг пакет, 15шт/кор;833,00;шт;
520;Паста BARILLA Cпагетти № 5 450гр, 24шт/кор;94,00;шт;
521;Паста BARILLA Баветте № 13 450гр, 24шт/кор;93,00;шт;
522;Паста BARILLA Тальятелле 500гр, 12шт/кор;261,00;шт;
523;Паста BARILLA Феттучине 500гр, 12шт/кор;258,00;шт;
524;Паста BARILLA Фузилли № 98 450гр, 12шт/кор;94,00;шт;
525;Паста острая Табаджан 920гр, 6шт/кор, Китай;560,00;шт;
526;Паста соевая Aka miso темная Genso 1кг, 10шт/кор, Китай;232,00;шт;
527;Паста соевая Shiro miso светлая Genso 1кг, 10шт/кор, Китай;271,00;шт;
528;Паста соевая Мисо светлая Kaiseki Dalian Tianzhou Wine Industry CO LTD 1кг, 10шт/кор, Китай;308,00;шт;
529;Паста соевая перцовая Кочудян 500гр, 20шт/кор, Китай;293,00;шт;
530;Паста Том Кха Chang 400гр пакет, 24шт/кор, Таиланд;282,00;шт;
531;Паста Том Кха HOM-D 400гр, 24шт/кор, Таиланд;177,00;шт;
532;Паста Том Ям Chang 1кг пакет, 12шт/кор, Таиланд;293,00;шт;
533;Паста Том Ям Chang 400гр пакет, 24шт/кор, Таиланд;111,00;шт;
534;Паста Том Ям Suree 454гр стекло, 24шт/кор, Таиланд;258,00;шт;
535;Паста Том Ям Сэн Сой 1,05кг, 6шт/кор;538,00;шт;
536;Пектин NH-термообратимый VAL'DE 500гр, 10шт/кор;1 752,00;шт;
537;Перец красный чили молотый SpicExpert 400гр/1000мл банка, 6шт/кор;268,00;шт;
538;Перец халапеньо резаный La Vida 3400гр/3100гр/1660гр, 6шт/кор;562,00;шт;
539;Перец халапеньо резаный MIKADO 3100мл/2270гр/1700гр пакет, 8шт/кор;542,00;шт;
540;Перец халапеньо резаный MIKADO 3100мл/2950гр/1720гр, 6шт/кор;553,00;шт;
541;Перец халапеньо резаный MIKADO 370мл/330гр/190гр ст/б, 12шт/кор;152,00;шт;
542;Перец халапеньо резаный Бояринъ 3100мл/2900гр/1600гр ж/б, 6шт/кор;642,00;шт;
543;Перец черный горошек SpicExpert 1кг пакет, 10шт/кор;1 326,00;шт;
544;Перец черный молотый SpicExpert 1кг пакет, 15шт/кор;811,00;шт;
545;Перец черный молотый SpicExpert 500гр/1000мл банка, 6шт/кор;457,00;шт;
546;Персики консервированные половинки в сиропе MIKADO 850мл/820гр/460гр, 12шт/кор;185,00;шт;
547;Печенье бисквит Савоярди Dolci di Montagna 400гр, 15шт/кор;353,00;шт;
548;Пирожное Брауни Престиж 15 порций*90гр, 6шт/кор;1 695,00;шт;
549;Пирожное Брауни Соленая карамель Престиж 12 порций*80гр, 4шт/кор;1 209,00;шт;
550;Пирожное Малиновая бомба Бенье 100гр, 9шт/уп, 6уп/кор;1 105,00;упак;
551;Пирожное Манго-маракуйя Бенье 75гр, 9шт/уп, 6уп/кор;1 255,00;упак;
552;Пирожное Тирамису кофейное Престиж 12 порций*95гр, 6шт/кор;1 419,00;шт;
553;Пирожное Шоколадная бомба Бенье 75гр, 9шт/уп, 6уп/кор;1 007,00;упак;
554;Пита Греческая традиционная d17-18см PittaEllas 20шт/уп, 6уп/кор;366,00;шт;
555;Пита Кипрская традиционная длина 18-19см ширина 8-9см PittaEllas 10шт/уп, 10уп/кор;234,00;шт;
556;Пицца Неаполитанская Маргарита CAMPANELLA 400гр, 10шт/кор;245,00;шт;
557;Пицца Неаполитанская Пепперони CAMPANELLA 400гр, 10шт/кор;262,00;шт;
558;Пицца Римская Сырная с трюфелем CAMPANELLA 330гр, 10шт/кор;212,00;шт;
559;Приправа Дашида со вкусом говядины 1кг, 10шт/кор, Корея;966,00;шт;
560;Приправа для картофеля SpicExpert 500гр/1000мл банка, 6шт/кор;367,00;шт;
561;Приправа для курицы SpicExpert 500гр/1000мл банка, 6шт/кор;226,00;шт;
562;Приправа для супа сухая Хондаши 1кг, 10шт/кор, Китай;851,00;шт;
563;Приправа Итальянская SpicExpert 200гр/1000мл банка, 6шт/кор;390,00;шт;
564;Приправа Карри золотой SpicExpert 500гр/1000мл банка, 6шт/кор;286,00;шт;
565;Приправа Пять перцев горошек SpicExpert 400гр/1000мл банка, 6шт/кор;843,00;шт;
566;Приправа универсальная Деликат Dinner Service 2кг ведро, 4шт/кор;627,00;шт;
567;Приправа Хмели-сунели SpicExpert 500гр/1000мл банка, 6шт/кор;274,00;шт;
568;Продукт сырный профессиональный Токио Bakery mix 3,3кг ведро Узловский МК;731,00;шт;
569;Птитим Националь 450гр, 6шт/кор;96,00;шт;
570;Пюре Ананас Агробар 1кг, 6шт/кор;604,00;шт;
571;Пюре Груша Агробар 1кг, 6шт/кор;520,00;шт;
572;Пюре Клубника Агробар 250гр, 12шт/кор;130,00;шт;
573;Пюре Кокос Агробар 1кг, 6шт/кор;747,00;шт;
574;Пюре Малина Агробар 1кг, 6шт/кор;650,00;шт;
575;Пюре Малина Агробар 250гр, 12шт/кор;181,00;шт;
576;Пюре Манго Агробар 250гр, 12шт/кор;153,00;шт;
577;Пюре Мандарин Агробар 1кг, 6шт/кор;546,00;шт;
578;Пюре Маракуйя 250гр Агробар, 12шт/кор;228,00;шт;
579;Пюре Маракуйя с семечками Агробар 1кг, 6шт/кор;831,00;шт;
580;Пюре Облепиха Агробар 1кг, 6шт/кор;499,00;шт;
581;Пюре Персик Агробар 1кг, 6шт/кор;650,00;шт;
582;Пюре Черника Агробар 1кг, 6шт/кор;980,00;шт;
583;Редька маринованная Hansey 600гр, 20шт/кор, Китай;170,00;шт;
584;Редька маринованная резанная полосками Hansey 550гр, 30шт/кор, Китай;177,00;шт;
585;Редька маринованная резанная полосками Hikari 600гр, сухой вес продукта 500гр, 20шт/кор, Китай;147,00;шт;
586;Рис 1 сорт DUNKAN 20кг;2 420,00;шт;
587;Рис Hansey 25кг, Россия;2 879,00;шт;
588;Рис Shinaki 25кг, Россия;3 216,00;шт;
589;Рис Адриатика Националь 3кг, 4шт/кор;348,00;шт;
590;Рис Басмати длиннозерный Националь PREMIUM 500гр, 6шт/кор;148,00;шт;
591;Рис длиннозерный Агрокультура 800гр, 12шт/кор;105,00;шт;
592;Рис для плова Националь 900гр, 12шт/кор;129,00;шт;
593;Рис для суши 1 сорт ГОСТ 25кг;2 750,00;шт;
594;Рис для суши в/с ГОСТ 25кг;2 808,00;шт;
595;Рис пропаренный № 1 Агрокультура 800гр, 12шт/кор;92,00;шт;
596;Рисовая бумага круглая 500гр, 34шт/кор, Вьетнам;261,00;шт;
597;Рябина черноплодная с/м 1кг, 10кг/кор;293,00;кг;
598;Салат из морских водорослей RISMA 1кг, 10шт/кор, Китай;400,00;шт;
599;Салат Чука из водорослей вакаме замороженный кат. A Mr.Chu 1кг, 10шт/кор, Китай;441,00;шт;
600;Салат Чука из морских водорослей замороженный 1кг, 10шт/кор;323,00;шт;
601;Сахар тростниковый для кофе Националь 900гр, 12шт/кор;246,00;шт;
602;Сахарная пудра SpicExpert 1кг пакет, 20шт/кор;169,00;шт;
603;Сахарная пудра Промпоставка-М 1кг, 10шт/кор;150,00;шт;
604;Свинина карбонат б/к с/м Мясной Двор, ±12кг/кор;406,00;кг;
605;Свинина карбонат б/к с/м СИБАГРО ±4,5кг, ±12кг/кор;415,00;кг;
606;Свинина карбонат спинно-поясничный отруб б/к с/м в/у Мясной Двор ±2кг, ±15кг/кор;456,00;кг;
607;Свинина лопатка б/к с/м СИБАГРО, ±15кг/кор;415,00;кг;
608;Свинина окорок б/к с/м СИБАГРО ±11кг, ±20кг/кор;387,00;кг;
609;Свинина шея б/к Дымов, ±12кг/кор, Россия;415,00;кг;
610;Сельдь филе Матиас 1000гр/800гр, 3шт/кор;402,00;упак;
611;Сельдь филе Матиас 500гр/400гр, 6шт/кор;205,00;упак;
612;Семена Чиа Esoro 1кг, 15шт/кор, Россия;658,00;шт;
613;Сибас с/м 300/400 TR 48-0044 Agromey Gida ve Yem San. Tic. A. Ş. 09-0036, 5кг/кор;662,00;кг;
614;Сироп Амаретто Баринофф 1л, 6шт/кор;298,00;шт;
615;Сироп Апельсин Баринофф 1л, 6шт/кор;282,00;шт;
616;Сироп Банан желтый Баринофф 1л, 6шт/кор;288,00;шт;
617;Сироп Ваниль Баринофф 1л, 6шт/кор;362,00;шт;
618;Сироп Голубое кюрасао Баринофф 1л, 6шт/кор;315,00;шт;
619;Сироп Гренадин Баринофф 1л, 6шт/кор;367,00;шт;
620;Сироп Карамель Spoom 1л, 6шт/кор;319,00;шт;
621;Сироп Клубника Spoom 1л, 6шт/кор;327,00;шт;
622;Сироп Клубника Баринофф 1л, 6шт/кор;321,00;шт;
623;Сироп Лимон Баринофф 1л, 6шт/кор;300,00;шт;
624;Сироп Малина Баринофф 1л стекло, 6шт/кор;300,00;шт;
625;Сироп Маракуйя Баринофф 1л, 6шт/кор;313,00;шт;
626;Сироп Мята Баринофф 1л стекло, 6шт/кор;291,00;шт;
627;Сироп Облепиха Баринофф 1л, 6шт/кор;298,00;шт;
628;Сироп Персик Баринофф 1л, 6шт/кор;282,00;шт;
629;Сироп Соленая карамель Баринофф 1л, 6шт/кор;292,00;шт;
630;Сироп Шоколад Баринофф 1л, 6шт/кор;365,00;шт;
631;Сироп Шоколадное печенье Баринофф 1л стекло, 6шт/кор;300,00;шт;
632;Сливки ультрапастеризованные 10% Солнышко Кубани 1л, 12шт/кор;170,00;шт;
633;Сливки ультрапастеризованные 22% Солнышко Кубани 1л, 12шт/кор;304,00;шт;
634;Сливки ультрапастеризованные 33% Молочная Речка 1л, 12шт/кор;427,00;шт;
635;Сливки ультрапастеризованные 33% Солнышко Кубани 1л, 12шт/кор;394,00;шт;
636;Сливки ультрапастеризованные питьевые 10% Литвиновские 1л, 12шт/кор;166,00;шт;
637;Сливки ультрапастеризованные питьевые 11% Молочная речка 1л, 12шт/кор;162,00;шт;
638;Сливки ультрапастеризованные питьевые 20% BARISTA LINE 1л, 12шт/кор;298,00;шт;
639;Сливки ультрапастеризованные питьевые 22% Молочная речка 1л, 12шт/кор;288,00;шт;
640;Сливки ультрапастеризованные питьевые 33% BARISTA LINE 1л, 12шт/кор;389,00;шт;
641;Смесь компотная №2 с/м, 10кг/кор;150,00;кг;
642;Смесь овощная с/м Мексиканский салат, 10кг/кор;104,00;кг;
643;Смесь темпурная Kaneshiro 1кг, 10шт/кор, Россия;134,00;шт;
644;Смесь темпурная Kaneshiro 5кг/мешок, Россия;730,00;шт;
645;Смесь темпурная Tamaki Pro 1кг, 12шт/кор;97,00;шт;
646;Смородина красная с/м 1кг, 10кг/кор;232,00;кг;
647;Смородина черная с/м 1кг, 9кг/кор;389,00;кг;
648;Смородина черная с/м, 10кг/кор;378,00;кг;
649;Смородина черная с/м, 10кг/кор;336,00;кг;
650;Сок юдзу Yuzu замороженный 500гр, 10шт/кор, Корея;1 980,00;шт;
651;Сок яблочный 0,33л, 12шт/кор СМ;28,00;шт;
652;Соль пищевая морская помол №1 Marco Polo 1кг, 10шт/кор;61,00;шт;
653;Сосиски Австрийские из свинины L17,5см Ø24мм Ремит 75гр*10шт/упак, 12уп/кор;397,00;упак;
654;Сосиски для гриля и хот-дога из говядины L17см Ø24мм Дымов 80гр*12шт/упак, 14упак/кор, арт.1821;700,00;упак;
655;Сосиски для гриля и хот-дога из курицы L20см Ø24мм Дымов 80гр*12шт/упак, 14упак/кор, арт.2041;536,00;упак;
656;Сосиски для гриля и хот-дога из свинины L20см Ø24мм Дымов 80гр*12шт/упак, 14упак/кор, арт.2040;521,00;упак;
657;Сосиски для гриля и хот-догов Куриные Брянские полуфабрикаты 75гр*6шт/уп, 4,5кг/кор;491,00;кг;
658;Сосиски для гриля и хот-догов Три перца и сыр Брянские полуфабрикаты 75гр*6шт/уп, 4,5кг/кор;603,00;кг;
659;Сосиски для хот-догов из говядины L18см Ø24мм Ремит 75гр*10шт/уп, 12уп/кор;732,00;упак;
660;Сосиски для хот-догов из говядины и курицы L16,5см Ø21мм Деликатес 65гр*11шт/уп, ±14кг/кор арт. 188;407,00;кг;
661;Сосиски для хот-догов из говядины, курицы, свинины L20см Ø24мм Деликатес 100гр, ±10кг/кор арт.100-1;430,00;кг;
662;Сосиски для хот-догов из курицы L16,5см Ø21мм Деликатес 65гр*11шт/уп, ±14кг/кор арт 186;408,00;кг;
663;Сосиски для хот-догов из свинины L18см Ø24мм Ремит 75гр*10шт/уп, 12уп/кор;455,00;упак;
664;Сосиски Марсельские с сыром из говядины, свинины и курицы L18см Ø24мм Ремит 75гр*10шт/уп, 12уп/кор;479,00;упак;
665;Сосиски Мусульманские халяль L13см Юнионфудс 70гр, ±10кг/кор;175,00;кг;
666;Сосиски Сочные из курицы L18см Ø24мм Ремит 75гр*10шт/уп, 12уп/кор;524,00;упак;
667;Сосиски Чикен-спайси из курицы L18см Ø24мм Ремит 75гр*10шт/уп, 12уп/кор;453,00;упак;
668;Соус 1000 островов майонезный Heinz 1кг, 6шт/кор;512,00;шт;
669;Соус 1000 островов майонезный Heinz дип-пот 25мл, 125шт/кор;1 619,00;кор;
670;Соус барбекю Got2eat Resfood 1кг пакет, 4шт/кор, Россия;286,00;шт;
671;Соус барбекю Heinz дип-пот 25мл, 125шт/кор;2 266,00;кор;
672;Соус барбекю классический Heinz 1кг, 6шт/кор;508,00;шт;
673;Соус Бургер Heinz 1кг, 6шт/кор;875,00;шт;
674;Соус ворчестер Appel 140мл/153гр ст/б, 12шт/кор;475,00;шт;
675;Соус горчичный Got2eat Resfood 1кг пакет, 4шт/кор, Россия;267,00;шт;
676;Соус горчичный Heinz 700гр, 7шт/кор, Россия;340,00;шт;
677;Соус грибной майонезный Нева Фуд 1кг, 5шт/кор;376,00;шт;
678;Соус Деми-Гласс сухой Dinner Service 1,5кг, 4шт/кор;1 905,00;шт;
679;Соус для гамбургеров Got2eat Resfood 1кг пакет, 4шт/кор, Россия;434,00;шт;
680;Соус для жарки риса Chang 285мл пластик, 24шт/кор, Таиланд;152,00;шт;
681;Соус для пиццы со специями ARDITA 4,05кг, 3шт/кор;1 397,00;шт;
682;Соус для пиццы томатный классический Печагин 3кг, 2шт/кор;556,00;шт;
683;Соус для пиццы томатный с базиликом Печагин 3кг, 2шт/кор;511,00;шт;
684;Соус Карбонара майонезный Нева Фуд 1кг, 5шт/кор;321,00;шт;
685;Соус Кимчи Akiso 1л, 6шт/кор, Россия;300,00;шт;
686;Соус Кимчи NHAO 1,5л, 6шт/кор;415,00;шт;
687;Соус Кимчи Tamaki 1,8л, 6шт/кор;801,00;шт;
688;Соус Кимчи Tamaki Pro 1,5л, 6шт/кор;446,00;шт;
689;Соус кисло-сладкий Heinz 1кг, 6шт/кор;500,00;шт;
690;Соус кунжутный Genso 1,5л, 6шт/кор, Китай;925,00;шт;
691;Соус кунжутный Tamaki 1л, 9шт/кор;521,00;шт;
692;Соус Лемонграсс Chang 285гр пластик, 24шт/кор, Таиланд;150,00;шт;
693;Соус Лемонграсс СТМ Chang 855гр пластик, 12шт/кор, Таиланд;308,00;шт;
694;Соус майонезный легкий Heinz 2кг, 6шт/кор;584,00;шт;
695;Соус Манго Чили Chang 2,35кг пластик, 6шт/кор, Таиланд;1 512,00;шт;
696;Соус Манго Чили Chang 850гр пластик, 12шт/кор, Таиланд;607,00;шт;
697;Соус медово-горчичная заправка майонезный Нева Фуд 1кг, 5шт/кор;288,00;шт;
698;Соус на основе растительных масел Спайси Tamaki 1л, 9шт/кор;403,00;шт;
699;Соус овощной Тонкацу 1,8л, 6шт/кор, Китай;788,00;шт;
700;Соус Пад Тай Chang 555гр пластик, 12шт/кор, Таиланд;230,00;шт;
701;Соус Пармеджано Heinz 1кг, 6шт/кор;487,00;шт;
702;Соус Понзу для мяса и морепродуктов 1л, 12шт/кор, Китай;891,00;шт;
703;Соус порционный Терияки Got2Eat 30гр, 150шт/кор;896,00;кор;
704;Соус Ранч сливочно-чесночный Got2eat Resfood 1кг пакет, 4шт/кор, Россия;407,00;шт;
705;Соус Ранч чесночный  Heinz 1кг, 6шт/кор;589,00;шт;
706;Соус рисовый Makado 20л, Россия СушиМаркет;1 934,00;шт;
707;Соус рисовый Мирин Padam 18л, Россия;2 322,00;шт;
708;Соус рыбный 700мл стекло, 12шт/кор, Таиланд;246,00;шт;
709;Соус Сальса жгуче-острый томатный Heinz 1кг, 6шт/кор;375,00;шт;
710;Соус соевый BARUTO 20л;1 624,00;шт;
711;Соус соевый DUNKAN 1л, 6шт/кор;104,00;шт;
712;Соус соевый DUNKAN Premium 20л;2 205,00;шт;
713;Соус соевый Hansey 20л, Россия;1 490,00;шт;
714;Соус соевый IZUMIFOOD 19л;1 386,00;шт;
715;Соус соевый KOUMORI Печагин 1л, 6шт/кор;94,00;шт;
716;Соус соевый Padam 1,5л, 6шт/кор, Россия;219,00;шт;
717;Соус соевый Padam 18л, Китай;2 561,00;шт;
718;Соус соевый Padam 18л, Китай;2 680,00;шт;
719;Соус соевый Padam Premium 18л, Китай;3 035,00;шт;
720;Соус соевый SanBonsai 1л ПЭТ, 6шт/кор;114,00;шт;
721;Соус соевый Takemura 19л;1 563,00;шт;
722;Соус соевый Tamaki Pro 20л;2 050,00;шт;
723;Соус соевый Классический порционный 40гр, 120шт/кор, Россия;1 040,00;кор;
724;Соус соевый классический Сэн Сой 1л, 6шт/кор, Россия;144,00;шт;
725;Соус соевый порционный 25мл саше, 200шт/кор, Россия;881,00;кор;
726;Соус соевый порционный 30гр, 150шт/кор, Россия;1 092,00;кор;
727;Соус сырный Got2eat Resfood 1кг пакет, 4шт/кор, Россия;412,00;шт;
728;Соус сырный Heinz 1кг, 6шт/кор;636,00;шт;
729;Соус Табаско острый B-SAUCE 148мл стекло, 12шт/кор;319,00;шт;
730;Соус Терияки Genso 1,5л/1,7кг, 6шт/кор, Россия;344,00;шт;
731;Соус Терияки Heinz 1кг, 6шт/кор;428,00;шт;
732;Соус Терияки NHAO 1,5л, 6шт/кор;352,00;шт;
733;Соус Терияки Tamaki 1,8л, 6шт/кор;562,00;шт;
734;Соус Терияки Tamaki Pro 1,5л, 6шт/кор;338,00;шт;
735;Соус Унаги Genso 1,5-1,7л, 6шт/кор, Россия;332,00;шт;
736;Соус Унаги Tamaki 1,8л, 6шт/кор;627,00;шт;
737;Соус Унаги Tamaki Pro 1,5л, 6шт/кор;391,00;шт;
738;Соус устричный Chang 2,35кг пластик, 6шт/кор, Таиланд;840,00;шт;
739;Соус устричный Tamaki 1л, 9шт/кор;297,00;шт;
740;Соус черно-перечный СТМ Chang PRO Penta Impex Company Limited 2,3кг пластик, 6шт/кор, Таиланд;1 356,00;шт;
741;Соус чесночный оригинальный Heinz 1кг, 6шт/кор;513,00;шт;
742;Соус Чили кисло-сладкий Лемонграсс Got2eat Resfood 1кг пакет, 4шт/кор, Россия;332,00;шт;
743;Соус Чили сладкий Got2eat Resfood 1кг пакет, 4шт/кор, Россия;238,00;шт;
744;Соус Чили сладкий для курицы Tamaki 1,8л, 6шт/кор;586,00;шт;
745;Соус Шрирача HOM-D 500гр, 12шт/кор, Таиланд;178,00;шт;
746;Соус Шрирача острая Chang 500гр, 12шт/кор, Таиланд;232,00;шт;
747;Соус-крем бальзамический темный Luchiano 500мл пл/б, 6шт/кор;389,00;шт;
748;Соус-сыр плавленый Чеддер Хохланд 1кг, 8шт/кор;485,00;кг;
749;Стрипсы куриные Особые Атлантис 1кг, 12шт/кор;431,00;шт;
750;Суджук Premium Мискер ±250гр, ±2кг/кор;1 784,00;кг;
751;Суфле творожное запеч. чизкейк New York карамельный с арах.Чизберри 100гр,12 порций/1,2кг/шт,4шт/кор;912,00;шт;
752;Суфле творожное запеч. чизкейк New York с клубникой Чизберри 100гр, 12 порций1,2кг/шт, 4 шт/кор;764,00;шт;
753;Суфле творожное запеч. чизкейк New York с лимоном Чизберри 100гр, 12 порций/1,2кг/шт, 4шт/кор;765,00;шт;
754;Суфле творожное запеч. чизкейк New York с малиной Чизберри 100гр, 12 порций/1,2кг/шт, 4шт/кор;756,00;шт;
755;Суфле творожное запеч. чизкейк New York Чизберри 100гр, 12 порций/1,2кг/шт, 4 шт/кор;772,00;шт;
756;Суфле творожное запеч. чизкейк шоколадный Чизберри 100гр, 12 порций/1,2кг/шт, 4шт/кор;833,00;шт;
757;Сухари панировочные 0,6мм SpicExpert 1кг, 16шт/кор;156,00;шт;
758;Сухари панировочные оранжевые/желтые 2мм golden mix Kaneshiro 1кг, 10шт/кор, Малайзия;328,00;шт;
759;Сухари панировочные Панко 4мм Hansey 1кг, 10шт/кор, Россия;190,00;шт;
760;Сухари панировочные Панко 4мм Premium Kaneshiro 10кг/мешок, Малайзия;3 020,00;шт;
761;Сухари панировочные Панко 4мм Premium Kaneshiro 1кг, 10шт/кор, Малайзия;318,00;шт;
762;Сухари панировочные Панко GOLD Tamaki 1кг, 10шт/кор;230,00;шт;
763;Сухари панировочные Панко Gold UEF 10кг/мешок;1 505,00;шт;
764;Сухари панировочные Панко Hikari/Hansey 6мм 10кг/мешок, Россия;1 770,00;шт;
765;Сухари панировочные Панко Hikari\Hansey 6мм 1кг, 10шт/кор, Россия;208,00;шт;
766;Сухари панировочные Панко желтые 3мм Japan Kaneshiro 1кг, 10шт/кор, Малайзия;328,00;шт;
767;Сухари панировочные Панко Премиум Kaneshiro 1кг, 8шт/кор, Малайзия;297,00;шт;
768;Сухари панировочные Панко Премиум UEF 1кг, 14шт/кор;149,00;шт;
769;Сыр Гауда Премиум 45% брус 4-6кг, ±16,5кг/кор;661,00;кг;
770;Сыр Горгонзола полутвердый с благородной плесенью ±1кг, ±4кг/кор;1 508,00;кг;
771;Сыр Грюйер колотый 50% Тренд-СПБ 500гр, 8шт/кор;1 226,00;шт;
772;Сыр Моцарелла 40% для пиццы Хохланд 1кг, 10шт/кор;662,00;шт;
773;Сыр Моцарелла 45% FriendChef 1кг, 5кг/кор;483,00;кг;
774;Сыр мягкий в рассоле Хохланд 480гр, 6шт/кор;249,00;шт;
775;Сыр Пармезан 45% срок созревания 2мес брус ±4кг, ±16кг/кор, Беларусь;827,00;кг;
776;Сыр Пармезан Гранд 45% Поставы Городок брус ±3кг, ±21кг/кор;805,00;кг;
777;Сыр плавленый ломтики Бистро Чеддер Хохланд 148гр/12шт/уп, 9уп/кор;111,00;шт;
778;Сыр плавленый ломтики Чеддер 35% 400гр/20шт/уп, 6уп/кор;237,00;шт;
779;Сыр плавленый ломтики Чеддер Хохланд 1,107кг/90шт/уп, 6уп/кор;817,00;шт;
780;Сыр плавленый ломтики Эменталлер 45% Владпромсыр 500гр/40шт/уп, 6кг/кор;603,00;кг;
781;Сыр плавленый Сливочный 55% Хохланд 400гр ванночка, 8шт/кор;245,00;шт;
782;Сыр полутвердый Моцарелла 40% Gourmet Alti ±2кг, ±12кг/кор;545,00;кг;
783;Сыр с голубой плесенью 50% Егорлык Молоко, ±2кг/кор;1 257,00;кг;
784;Сыр с плесенью Камамбер в панировке Alti 1кг, 8шт/кор;831,00;шт;
785;Сыр Сулугуни 45% FriendChef ±1кг, ±5кг/кор;501,00;кг;
786;Сыр твердый Чеддер Red 50% Поставы городок 180гр, 10шт/кор;142,00;шт;
787;Сыр творожный 62%-65% Милетто, 10кг ведро;4 238,00;шт;
788;Сыр творожный 65% Креметте Flexible Хохланд 800гр, 9шт/кор;406,00;шт;
789;Сыр творожный 65% Креметте Хохланд 10кг ведро;4 206,00;шт;
790;Сыр творожный 65% Креметте Хохланд 2кг, 3шт/кор;1 022,00;шт;
791;Сыр творожный 65% Милетто 3,3кг ведро Узловский МК;1 386,00;шт;
792;Сыр творожный Professional 70% Cream Nuvo 11кг ведро;4 931,00;шт;
793;Сыр творожный Professional 70% Cream Nuvo 2,2кг, 4шт/кор;938,00;шт;
794;Сыр творожный Кремчиз 70% ГороденЪ 11кг ведро;4 291,00;шт;
795;Сыр творожный сливочный Roll Cheese 65% Милетто, 3,3кг ведро;1 482,00;шт;
796;Сыр Чеддер Cheddar Red 50% брус ±4,2кг, ±12,6кг/кор;721,00;кг;
797;Сырники творожные жареные Бенье ФК 70гр/шт, 6шт/уп, 12уп/кор new;265,00;упак;
798;Сырники творожные с ванилью Домашние 65гр, 20шт/кор;819,00;кор;
799;Сырники творожные с изюмом 35гр, 4,025кг/кор;435,00;кг;
800;Сырники творожные с маком 35гр, 4,025кг/кор;439,00;кг;
801;Сырные треугольники в панировке хрустящие Атлантис 1кг, 12шт/кор;707,00;шт;
802;Тарталетка малиновая Сheeseberry 85гр, 9шт/упак, 4упак/кор;3 549,00;кор;
803;Творог соевый Тофу Shinkai 500гр, 20шт/кор, Россия;205,00;шт;
804;Тесто для пельменей гедза Kekeshi 300гр, 20шт/кор;231,00;шт;
805;Тесто для пельменей гедза YOSHIMI 300гр, 20шт/кор;234,00;шт;
806;Тесто слоеное дрожжевое Маген-Д 500гр, 20шт/кор;238,00;кг;
807;Тилапия филе с/м б/ш Hainan Qinfu Foods Co.,Ltd 4600-02059 5-7унц, 10кг/кор;539,00;кг;
808;Томаты нарезанные кубиками в с/с SAHAR 2800гр/2800гр/1400гр ж/б, 4шт/кор;555,00;шт;
809;Томаты протертые PASSATA MUTTI 2,5кг ж/б, 3шт/кор;894,00;шт;
810;Томаты резанные очищенные в т/с MERKO 2,45кг ж/б, 6шт/кор;413,00;шт;
811;Томаты резаные очищенные в с/с FIORINO FELICE 2,5кг ж/б, 6шт/кор;498,00;шт;
812;Топпинг Ваниль Баринофф 1кг, 6шт/кор;300,00;шт;
813;Топпинг Зимняя Вишня Баринофф 1кг, 6шт/кор;322,00;шт;
814;Топпинг Карамель Баринофф 1кг, 6шт/кор;323,00;шт;
815;Топпинг Лесные Ягоды Баринофф 1кг, 6шт/кор;318,00;шт;
816;Топпинг Малина Баринофф 1кг, 6шт/кор;313,00;шт;
817;Топпинг Маракуйя Баринофф 1кг, 6шт/кор;279,00;шт;
818;Топпинг Шоколад Баринофф 1кг, 6шт/кор;367,00;шт;
819;Торт Ассорти Бенье 130гр, 12 порций/1,56кг/шт, 6шт/кор;1 674,00;шт;
820;Торт брусничный с белым шоколадом Престиж 105гр, 12 порций/1,26кг/шт, 4шт/кор;1 562,00;шт;
821;Торт Графские развалины Бенье 100гр, 12 порций/шт, 6шт/кор;1 330,00;шт;
822;Торт Захер Бенье 120гр, 12 порций/1,44кг/шт, 6шт/кор;1 248,00;шт;
823;Торт Зеленый чай с белым шоколадом Престиж 105гр, 12 порций/1,26кг/шт, 4шт/кор;1 770,00;шт;
824;Торт Медовик Чизберри 117гр, 12 порций/1,4кг/шт, 4шт/кор;1 519,00;шт;
825;Торт медово-сливочный Frozen Cake 120гр, 12 порций/1,44кг/шт, 4шт/кор;1 087,00;шт;
826;Торт Медовый Бенье 120гр, 12 порций/1,44кг/шт, 6шт/кор;1 044,00;шт;
827;Торт Морковный Бенье 140гр, 12 порций/1,68кг/шт, 6шт/кор;1 262,00;шт;
828;Торт Морковный Престиж 100гр, 15 порций/1,5кг/шт, 6шт/кор;1 424,00;шт;
829;Торт Наполеон Бенье 150гр, 9 порций/1,35кг/кор;998,00;упак;
830;Торт Прага Бенье 140гр, 12 порций/1,68кг/шт, 6шт/кор;1 352,00;шт;
831;Торт Птичье молоко Бенье 100гр, 12 порций/1,2кг/шт, 6шт/кор;1 133,00;шт;
832;Торт Радуга Бенье 150гр, 12 порций/1,8кг/шт, 6шт/кор;1 325,00;шт;
833;Торт Синий бархат Бенье 120гр, 12 порций/1,44кг/шт, 6шт/кор;1 204,00;шт;
834;Торт Тирамису Чизберри 117гр, 12 порций/1,4кг/шт, 3шт/кор;1 407,00;шт;
835;Торт Три шоколада Престиж 113гр, 12 порций/1,36кг/шт, 4шт/кор;1 661,00;шт;
836;Тортилья длит.хран. пшеничная d10 дюймов Mission Professional 800гр/12шт/уп, 10уп/кор;125,00;упак;
837;Тунец желтоперый филе лоин с/м Zhoushan Putuo Haichen Aquatic Products Co., Ltd 2-4кг, 25кг/кор;1 042,00;кг;
838;Тунец желтоперый филе лоин с/м РПК Нептун 2+кг, ±25кг/кор;975,00;кг;
839;Тунец желтоперый филе порционное с/м в/у 50-100гр Mariso 500гр/шт, 20шт/кор, Вьетнам;438,00;шт;
840;Тунец консервированный филе в с/с SUNFEEL 170гр, 24шт/кор;164,00;шт;
841;Тунец стейк с/м в/у Ngoc Tung Co., Ltd DL266 500гр, 20шт/кор, Вьетнам;520,00;шт;
842;Тунец стружка сухая Бонито RF 500гр, 6шт/кор, Китай;1 561,00;шт;
843;Тунец стружка сухая Бонито RISMA 500гр, 6шт/кор, Китай;1 575,00;шт;
844;Укроп 1кг;182,00;шт;
845;Уксус бальзамический моденский темный Oliveto 500мл, 12шт/кор;289,00;шт;
846;Уксус винный белый Oliveto 6% 1л ПЭТ, 12шт/кор;155,00;шт;
847;Уксус винный красный Oliveto 1л ПЭТ, 12шт/кор;177,00;шт;
848;Уксус рисовый Baruto 20л;1 386,00;шт;
849;Уксус рисовый DUNKAN 20л;1 724,00;шт;
850;Уксус рисовый Padam 20л короб, Россия;1 627,00;шт;
851;Уксус рисовый Padam Premium 20л, Россия;1 691,00;шт;
852;Уксус рисовый ToDoFood 20л;1 021,00;шт;
853;Улитка с изюмом Gourmand S.A. 100гр, 60шт/кор;3 586,00;кор;
854;Фасоль красная консервированная в с/с MIKADO 425мл/400гр/220гр, 12шт/кор;65,00;шт;
855;Фасоль стручковая резаная 1кг, 9кг/кор;212,00;кг;
856;Фасоль стручковая резаная с/м, 10кг/кор;139,00;кг;
857;Форель потрошенная с/м с/г 200-400гр, ±12,6кг/кор, Россия;570,00;кг;
858;Форель филе м/с с/м трим С РегионФиш 1,3-1,8кг в/у, ±10кг/кор, Беларусь;1 805,00;кг;
859;Форель филе м/с трим С 2% Санта Бремор 1,8-2,2кг, ±10кг/кор;1 977,00;кг;
860;Форель филе с/c Трим С Пеликан 1,2-1,5кг, ±10кг/кор;1 590,00;кг;
861;Форель филе с/м трим А Пеликан 0,8-1,2кг, ±10кг/кор;1 380,00;кг;
862;Форель филе с/м трим ПР NAVAFISH MOSCOW 1,5-2кг, ±12кг/кор;1 847,00;кг;
863;Форель филе с/м трим С Пеликан 0,8-1,2 кг, ±10кг/кор, Россия;1 458,00;кг;
864;Форель филе х/к трим ПР NAVAFISH MOSCOW 1,3-2кг, ±12кг/кор;1 520,00;кг;
865;Форель филе х/к трим С Пеликан 1,2-1,5кг, ±10кг/кор;1 682,00;кг;
866;Хлеб пшеничный для сэндвичей Харис 470гр, 10шт/кор;104,00;шт;
867;Хрен Печагин 1кг ведро, 6шт/кор;192,00;шт;
868;Хрен столовый SUNFEEL 200гр, 15шт/кор;53,66;шт;
869;Чеснок гранулированный SpicExpert 1кг пакет, 15шт/кор;715,00;шт;
870;Чеснок гранулированный SpicExpert 500гр/1000мл банка, 6шт/кор;438,00;шт;
871;Чеснок молотый SpicExpert 500гр/1000мл банка, 6шт/кор;414,00;шт;
872;Чиабатта Лантманнен Юнибэйк 130гр, 36шт/кор арт.3195;1 079,00;кор;
873;Чиабатта Лантманнен Юнибэйк 70гр, 40шт/кор арт. 3211;703,00;кор;
874;Чизкейк карамельный Престиж 114гр, 12 порций/1,37кг/шт, 6шт/кор;1 503,00;шт;
875;Чизкейк клубничный Престиж 113гр, 12 порций/1,36кг/шт, 6шт/кор;1 266,00;шт;
876;Чизкейк Нью-Йорк Престиж 113гр, 12 порций/1,36кг/шт, 6шт/кор;1 148,00;шт;
877;Чизкейк Нью-Йорк Чизберри, 16 порций/1.66кг/шт, 4шт/кор;1 492,00;шт;
878;Чизкейк Орео Бенье 150гр, 12порций/1,8кг/шт, 6шт/кор;1 525,00;шт;
879;Чизкейк с манго Бенье 120гр, 12порций/1,44кг/шт, 6шт/кор;1 918,00;шт;
880;Чизкейк СанСебастьян классический 100гр, 15шт/кор;117,00;шт;
881;Чизкейк шоколадный Бенье 120гр, 12 порций/1,44кг/шт, 6шт/кор;1 621,00;шт;
882;Чизкейк шоколадный Престиж 122гр, 12 порций/1,47кг/шт, 6шт/кор;1 342,00;шт;
883;Чизкейк Яблочный штрейзель Бенье 140гр, 14 порций/1,96кг/6шт/кор;1 594,00;шт;
884;Чипсы кукурузные Начос оригинальные Mission Professional 500гр, 10шт/кор;150,00;шт;
885;Шпинат резаный с/м 2,5кг, 10кг/кор;306,00;кг;
886;Шпинат резаный с/м QINGDAO HARTHN-RITUNE, 10кг/кор;222,00;кг;
887;Штрудель вишневый Бенье 120гр, 12 порций/1,44кг/шт, 6шт/кор;1 190,00;шт;
888;Штрудель яблочный Бенье 120гр, 12 порций/1,44кг/шт, 6шт/кор;1 101,00;шт;
889;Эклер ванильный Престиж 70гр, 18шт/уп, 4уп/кор;1 222,00;упак;
890;Эклер шоколадный Престиж 70гр, 18 шт/уп, 4уп/кор;1 237,00;упак;