;;;
Прайс-лист;;;
ИП Гребенкина Елена Васильевна;;;
vilcom-sochi.com;;;
e-mail: zakaz@vilcom.pro;;;
+79388881212 (звонки, SMS, whatsup);;;
+79388781212 (звонки, SMS, whatsup);;;
Доставка от Дагомыса до Красной Поляны ежедневно.;;;
;;;
;;;
;;;
;;;
 1.МОРЕПРОДУКТЫ;;;
RISMA SEAFOOD;;;
"Креветки коктейльные ""RISMA SEAFOOD"" 100/200 (7% глазировка) 1*10";кг;939.95;
"Креветки тигровая б/г 26/30 во льду (1,8кг) ""RISMA"" Индия 1*6";шт;2451.04;
Креветки тигровые очищенные  (с хвостиком) с/м 26/30 б/г RISMA 1*10;кг;1043.71;
Креветки тигровые очищенные вареные 26/30 б/г RISMA 1*10;кг;1208.5;
"Креветки тигровые очищенные сырые (с хвостиком) 31/40 ""RISMA SEAFOOD"" 1*10";кг;923.29;
"Мидии мясо в/м 100/200 1кг ""RISMA SEAFOOD"" (Китай) 1*10";кг;418.56;
"""Risma Seafood"" Premium Морской коктейль 1кг (Кальмар 64% (полоски32%/щупальца 32%); Мидии 20%; Осьминоги 8%; Креветки 8%) 1*10";шт;415.09;
"Осьминоги молодые 40/60 ""RISMA "" 1*10";кг;939.95;
"Филе гребешка 10/20 ""RISMA SEAFOOD"" 1кг 1*10 /Китай/";кг;2372.32;
SEAFOOD LINE;;;
Креветки Ваннамей очищенные с хвостиком 26/30 в/м SEAFOOD LINE (7% глазировка) 0,372кг 1*20;шт;798.84;
Креветки Ваннамей очищенные с хвостиком 26/30 с/м SEAFOOD LINE (7% глазировка) 0,372кг 1*20;шт;611.29;
КАЛЬМАР / КАРАКАТИЦА / ОСЬМИНОГ;;;
"Кальмар дальневосточный ""Командорский"" нечищенный 1*22";кг;367.51;
Кальмар д/в очищенный блочной заморозки Командорский 3*7,5;кг;683.65;
"Кальмар кольца ""Polar"" в кляре 1 кг*5";кг;590.91;
"Кальмар кольца ""Polar"" в кляре 500г 1*6";шт;290.49;
Кальмар молодой с щупальцами 21/40 1кг Тайланд ;кг;1264.83;
Кальмар Щупальца (Командорский) с/м РФ 2*12 / 15кг;кг;449.23;
"Кальмар-мини очищенный 61+ ""ARTI Seafood"" 1*10 (Глазировка 7%)";кг;1220.71;
Осьминог крупный с/м 2,0кг-3,0кг Марокко  (8% глазировка) 1*12;кг;2349.92;
Осьминог очищ. 2-3кг ИНДОНЕЗИЯ 1*15;кг;798.74;
КРАБ;;;
Краб Камчатский крупная конечность в/м (Мурманск) БЕЗ ГЛАЗИРОВКИ!;кг;3613.51;
"Мясо камчатского краба - ""Роза"" (10% глазировка) 1*6";кг;3294.88;
Мясо Камчатского краба 1-я фаланга ЭКСТРА 45% (Мурманск) 1*6;кг;4913.88;
Мясо Камчатского краба 1-я фаланга ЭКСТРА 7% (Мурманск) 1*6;кг;5886.31;
Мясо краба 1ая фаланга в хитине (Мурманск) 1*6;кг;4293.18;
Мясо Камчатского краба 2-я фаланга Мурманск 1*6;кг;3874.2;
Мясо краба в/м Блок Салатное мясо;кг;3227.64;
КРЕВЕТКА АРГЕНТИНСКАЯ;;;
Аргентинская креветка целая свежемороженная (коробки по 2кг) L1 1*12;кг;821.03;
Аргентинская креветка целая свежемороженная L2 1*12;кг;753.12;
Креветка аргентинская без головы С0 20/40  6*2кг ;кг;1058.4;
КРЕВЕТКИ В/М;;;
Креветки 50/70 0% глазировки Китай 1*5;кг;1391.92;
Креветки 60/80 северная (пивная) 0% глазировка 1*5 (МАГАДАН);кг;1525.89;
Креветки 70/90 северная (пивная) 0%глазировка 1*5;кг;1405.01;
КРЕВЕТКИ ТИГРОВЫЕ / КРЕВЕТКИ ВАННАМЭЙ;;;
Креветки Ваннамей TORPEDO с/м в панировке 26/30 150гр SeafoodLine 1*20;шт;222.93;
"Креветки тигровые в панцире без головы свежемороженные 16/20 ""Frozen Shrimp"" 1*10";кг;861.74;
Креветки тигровая б/г 16/20 во льду (1,8кг) Индия 1*6;шт;1939.69;
Креветки тигровая б/г 16/20 во льду (1*1,8кг) Эквадор 1*6/10;шт;2065.48;
Креветки тигровые без головы замороженные в блоке льда 21/25 чистый вес 1,800кг 1*6 Индия;шт;1840.84;
"Креветки тигровые в панцире без головы свежемороженные 21/25 ""RISMA"" 1*10";кг;1025.4;
Креветки тигровые очищенные сырые (с хвостиком) 31/40 SANGO (Китай) 1*10;кг;875.08;
Креветки тигровые в панцире без головы свежемороженные 13/15 1*10;кг;1391.09;
Креветки тигровые с/м б/г 16/20 Бангладеш 1*10;кг;1136.92;
Креветки тигровые в панцире без головы свежемороженные 8/12 (Бангладеш)  1*10;кг;1489.16;
Креветки тигровые с/м п/б/г 8/12 (Индия);кг;1162.11;
Креветки тигровые в панцире с головой свежемороженые 13/15 1*10;кг;1217.04;
Креветки тигровые в панцире с головой свежемороженные 16/20 1*10;кг;1013.19;
Креветки тигровые в панцире с/г свежемороженные 8/12 1*10;кг;1245.12;
Креветки тигровые в панцире с головой свежемороженные  8/12 1*10;кг;1206.43;
МИДИИ / ГРЕБЕШКИ / МОЛЛЮСКИ;;;
Гребешок морской с собственной икрой на половине раковины 10/13 с/м 1*5;кг;996.48;
Мидии в голубых раковинах 40/60 0,5*10    ;кг;333.01;
Мидии очищенные варено-мороженные 100/200 Чили весовые 1*10 ;кг;437.02;
Мидии на половинке раковины в/м 30/40 SANGO 1*12кг Китай;кг;614.49;
Филе гребешка 10/20 ЭКОНОМ 1кг 1*10 /Китай /;кг;976.57;
Филе гребешка с/м M 80/100 РФ 1*12 СРЕДНИЙ;кг;1722.96;
МОРЕПРОДУКТЫ;;;
"Крабовые палочки ""Снежный краб"" 0,5кг 1*12 ""СантаБремор""";шт;245.18;
 2.РЫБА;;;
ЗАМОРОЖЕННАЯ РЫБА;;;
Дорадо 300/400 с/г  с/м непотрошеный 1*5;кг;666.22;
Дорадо 400/600 с/г  с/м непотрошеный 1*5;кг;666.22;
Клемы Вонголе 41/50 в/м 500гр/пачка 1*10кг;кг;437.02;
Луфарь черноморский с/м (блок) 2*10;кг;773.29;
"Наггетсы рыбные тресковые ""Сытый папа"" с/м вес 1*3кг";кг;222.93;
Окунь морской б/г 300-500гр 3*6,5кг;кг;439.66;
Палтус синекорый тушка потрошенная без головы с/м 3+ кг 1*20;кг;1041.28;
Палтус синекорый тушка потрашенная без головы с/м 2-3кг 1*20;кг;914.34;
Рапан черноморский очищенный с/м (пакет по 1кг) 1*14;кг;435.89;
Рыба ледяная 250+  1*5кг;кг;1150.98;
Сельдь тушка с/м 400+ 2*14,5 1*29/28 Фарерские острова ;кг;220.19;
Семга 5/6 кг Чили;кг;1337.09;
Сибас 300/400 с/г с/м непотрошеный  1*5;кг;677.49;
Сибас чилийский б/г 5/7-4/6;кг;4397.25;
Скумбрия 500+гр 2*12,5 1/25 Фарерские острова ;кг;249.16;
"Тунец филе ""Yellowfin"" ААА 300-500гр 1*10";кг;1280.3;
"Тунец филе лоин ""Yellowfin"" (вырезка) 2/4кг 1*25";кг;1071.85;
Угольная рыба 0,8-1,0 ПБГ Россия (Черная Треска) ;кг;1006.05;
"Угорь жаренный ""Унаги"" (Соус 30%) 1*10";кг;1318.37;
"Угорь ""Унаги"" SANGO в/у (Технический) 1*10 Китай";кг;1855.48;
"Филе горбуши н/к (5% глазировка) ""РР"" 1*10";кг;634.77;
"Филе горбуши н/ш (7% глазировка) ""УРСА МИНОР"" 1*10";кг;542.8;
"Филе Кижуча холодного копчения TRIM D с/м в/у ""Salmon House"" 1*12";кг;1203.02;
"Филе масляной рыбы подкопченное вакум с/м 2-4кг ""Salmon House"" 1*10";кг;933.84;
"Филе масляной рыбы с/м ""Salmon House"" 1*10";кг;933.84;
Филе Минтая без кожи фасовка по 0,6 - 1кг (сухая заморозка) ;кг;351.57;
"Филе палтуса н/к с/м 400+ ""РР"" ГОСТ";кг;1013.19;
Филе Сайды без шкуры сухая (бортовая) заморозка 3*6,810;кг;462.11;
"Филе Сайды н/к с/м 5% ""РР"" 1/10 ГОСТ";кг;408.94;
"Филе семги свежемороженое вакуум 1,5-2,2кг ""Salmon House"" 1*10";кг;1854.24;
"Филе семги свежемороженое вакуум 1,5-2,2кг TRIM D ""Salmon House"" 1*10";кг;1977.45;
"Филе семги подкопченное вакум с/м 1,5-2,2кг ""Salmon House"" 1*10";кг;1948.22;
"Филе семги слабосоленное вакуум с/м 1,5-2,2кг ""Salmon House"" 1*10";кг;1879.89;
"Филе семги слабосоленное вакум TRIM D с/м 1,5-2,2кг ""Salmon House"" 1*10";кг;1930.33;
"Филе Судака н/к с/м 300+  5% ""РР"" 1/10 ГОСТ";кг;622.61;
Филе тилапии (окуня) б/к IQF, 140-200г (Китай) 1*10;кг;405.52;
Филе тилапии (окуня) б/к IQF, 80-140г (Китай) 1*10;кг;400.35;
Филе трески без кожи (7% глазировка) УРСА МИНОР 1*10;кг;462.78;
"Филе трески без кожи 400- (5% глазировка) ""Русская рыба"" 1*10";кг;445.56;
"Филе трески без кожи 400+ (5% глазировка) ""Русская рыба"" 1*10";кг;500.49;
Филе трески без кожи, Спинка, с/м 1*5;кг;915.53;
Филе трески на коже (7% глазировка) УРСА МИНОР 1*10;кг;430.97;
"Филе трески на коже 400- (5% глазировка) ""Русская рыба"" 1*10";кг;446.54;
Филе Форели малосоленое категория А;кг;1501.47;
Филе Форели мороженое категория D;кг;1570.84;
Филе Форели мороженое категория А;кг;1440.44;
Филе Щуки б/к 1*10;кг;529.35;
"Филе Щуки б/к с/м (5%) ""Русская рыба"" ТУ 1*10";кг;527.34;
Форель потрошенная без головы с/м 2,7-3,6кг (Турция) 1*15;кг;1018.98;
Форель GRADE 2,7-4,0 кг, Чили  ;кг;1210.37;
Форель речная 250-300гр 1*5;кг;672.01;
Форель речная потрашенная 300-350гр 1*5;кг;677.49;
 3.ИКРА;;;
Боттарга 1кг;кг;19552.05;
"Икра красная лососевая (Горбуша) ""МАКАРОВ"" 140гр ж/б 1*75";шт;812.55;
"Икра красная лососевая (ГОРБУША) ст/б 230гр ""Красное золото"" 1*9";шт;1855.48;
"Икра красная лососевая (ГОРБУША) ст/б 500гр ""Красное золото"" 1*9";шт;3304.19;
"Икра красная лососевая (Кета) ""РПК Находкинский"" 140гр ж/б 1*108";шт;618.63;
Икра летучей рыбы (100%) Красная 0,5кг TOBIKO SUSHI 1*20 ;шт;1329.33;
Икра летучей рыбы (100%) Оранжевая 0,5кг TOBIKO SUSHI 1*20 ;шт;1403.82;
Икра летучей рыбы (МИКС) Красная 0,5кг TOBIKO NEO 1*20 ;шт;1077.17;
Икра летучей рыбы (МИКС) Оранжевая 0,5кг TOBIKO NEO 1*20 ;шт;946.05;
Икра летучей рыбы (МИКС) Черная 0,5кг TOBIKO NEO 1*20 ;шт;946.05;
Икра щуки 112гр (стекло) 1*45;шт;738.63;
 4.МЯСО;;;
1.БАРАНИНА, ЯГНЯТИНА;;;
БАРАНИНА ДАГЕСТАНСКАЯ;;;
Баранина корейка 8 ребер с/м Дагестан 1*10;кг;1977.55;
Баранина лопатка б/к;кг;958.26;
"Голяшка ягненка н/к с/м в/у ""BazarCO"" вес";кг;635.03;
"Корейка ягненка 8 ребер с/м в/у ""Ван Продакт"" 1*10";кг;1888.53;
"Лопаточный отруб Ягненка без голяшки б/к с/м в/у ""Ван Продакт""";кг;837.12;
Нога ягненка б/к с голяшкой без надбедренной части, Новая зеландия;кг;1203.11;
Язык ягненка;кг;943.46;
10.КРОЛИК;;;
"Кролик печень замороженная (лоток) ""Русский Кролик"" 1*8";кг;390.63;
"Кролик тазобедренная часть (задняя ножка) замороженное ""Русский кролик"" 1*12 ";кг;769.05;
"Кролик филе замороженное (лоток) ""Русский Кролик"" 1*10";кг;793.46;
2.МРАМОРНАЯ ГОВЯДИНА (РОССИЙСКИЕ ФЕРМЫ);;;
ЗАРЕЧНОЕ/PRIMEBEEF (Воронеж);;;
ЗАМОРОЖЕННАЯ;;;
"79916/66957/66392 Верхняя часть тазобедренного отруба ""Экстра"" бескостная из мраморной говядины (Top Sirloin Butt) PRIMEBEEF 1*1";кг;1040.45;
79922/66959/66343 Внутренняя часть тазобедренного отруба бескостная из мраморной говядины (Round Top Inside) PRIMEBEEF 1*15;кг;679.05;
79944/66961 Вырезка из мраморной говядины (Tenderloin Defatted, 190) PRIMEBEEF TOP CHOICE С/М 1*10 (К);кг;4006.88;
66950/66394 Вырезка из мраморной говядины (Tenderloin Defatted) PRIMEBEEF PRIME С/М 1*10;кг;4041.58;
66085/66409 Вырезка говяжья зачищенная (Tenderloin Defatted) (189А/190) PRIMEBEEF С/М 1*10;кг;2511.51;
66951 Вырезка говяжья зачищенная (Tenderloin) PRIMEBEEF CHOICE С/М 1*15 (К);кг;3505.3;
66822 / 66390 Вырезка говяжья зачищенная (Tenderloin) PRIMEBEEF TOP CHOICE С/М 1*15;кг;3843.17;
79908/66937/66362/66310 Вырезка из лопатки мраморной говядины (Shoulder Tender) PRIMEBEEF С/М 1*6;кг;1287.95;
79926/66948/66035 Голяшка без кости из мраморной говядины (Shank Meat) PRIMEBEEF С/М 1*15;кг;656.91;
66342 Голяшка без кости из мраморной говядины (Shin boneless) PRIMEBEEF С/М 1*15;кг;663.89;
Голяшка без кости из мраморной говядины (Shin boneless) PRIMEBEEF С/М 1*15;кг;663.89;
64009 Голяшка без кости из мраморной говядины ЗАРЕЧНОЕ С/М ;кг;642.32;
79913/66952/66339/66039/79967/66972 Грудинка из мраморной говядины для запекания (Plate meat) PRIMEBEEF С/М 1*15;кг;424.15;
66313 Грудной отруб из мраморной говядины б/к (Brisket Deckle-Off, Boneless, 120) PRIMEBEEF С/М 1*15 ;кг;968.29;
78254/66943/66337/66370 Грудной отруб из мраморной говядины б/к (Brisket Deckle-Off) PRIMEBEEF С/М 1*15;кг;968.29;
"66459 Диафрагма из мраморной говядины ""Стейк Мясника"", 1кат. (Hanging Tender) PB С/М 1*5";кг;1453.27;
53034/66405 Жир подкожный (Блэк Ангус, зерновой откорм) PRIMEBEEF С/М 1*15;кг;272.33;
79927 / 66055 / 66063 Котлетное мясо из мраморной говядины 70/30 (Trimmings) PRIMEBEEF С/М 1*18;кг;464.49;
"66069 Котлеты для гамбургера ""Steak Burger CLASSIC"" 1шт/130г PB С/М 1*105";шт;67.76;
"66067 Котлеты для гамбургера ""Steak Burger CLASSIC"" PB С/М 1*60 180г";шт;92.38;
"67109 Котлеты для гамбургера ""Steak Burger LIGHT"" (80/20) PRIMEBEEF С/М 1*390г";шт;242.44;
"66077 Котлеты для гамбургера из мраморной говядины (~130гр) ""Humburger"" PB С/М 1*5 (1*105шт)";шт;67.19;
79915/66935 Мраморная говядина для запекания (Cap Meat) PRIMEBEEF С/М 1*10;кг;771.17;
"63023 Мякоть ""Трай Тип"" из мраморной говядины (Tri-Tip Roast) PRIMEBEEF ОХЛ 1*6 ";кг;1019.14;
66347/66031 Наружняя часть бедра мраморной говядины для запекания (Rump Roast, 171Е) PRIMEBEEF С/М 1*15;кг;732.01;
79918/66966/79962/66906 Наружняя часть бедра мраморной говядины для запекания (Rump Roast) PRIMEBEEF С/М 1*15;кг;732.01;
79924/66958/66041/66413/66369/79966/66971 Нижняя часть костреца из мраморной говядины (Flap Boneless) 1*15;кг;1113.64;
62005 Передняя часть лопатки мраморной говядины (Chuck Tender 116В) PRIMEBEEF ОХЛ 1*6;кг;775.36;
66356/66941/66464 Подлопаточный отруб из мраморной говядины зачищенный (Chuck Eye Roll) PRIMEBEEF С/М 1*15;кг;803.39;
"64034 Полуфабрикат из говядины мясокостный кат.Д ""Суповой набор"" (Beef for Soup) ЗАМ 1*7";кг;109.92;
79957/66909 Поясничный отруб из мраморной говядины, б/к (Strip Loin, Boneless) PRIME PRIMEBEEF С/М 1*15 (К);кг;2268.04;
"79954 / 66381 Поясничный отруб ""Экстра"" из мраморной говядины б/к (Strip Loin, Boneless) TOP CHOICE PRIMEBEEF С/М 1*15 (К)";кг;2172.85;
66408 Поясничный отруб б/к (Strip Loin Boneless, 180) CHOICE PRIMEBE С/М 1*15;кг;1225.88;
"66913 Поясничный отруб б/к (Strip Loin Boneless) CHOICE ""SLIM"" PRIMEBEEF С/М 1*15 (К)";кг;1483.78;
64013 Поясничный отруб б/к (Striploin) ЗАРЕЧНОЕ с/м 1*15;кг;1111.16;
66820 Поясничный отруб на кости с вырезкой, говяжий (Shortloin bone-in) TOP CHOICE PRIMEBEEF С/М 1*15;кг;2239.28;
66341 Ребра для гриля из мраморной говядины (Short Ribs, Bone-in) TOP CHOICE С/М 1*12;кг;680.55;
79969-66973 Ребра для гриля из мраморной говядины (Short Ribs, Trimmed) PRIMEBEEF С/М 1*12 (К);кг;675.79;
79965/66928 Ребра из мраморной говядины (Back Ribs, 124) PRIMEBEEF С/М 1*12 (К);кг;499.09;
66340 Ребра из мраморной говядины (Back Ribs, 124) TOP CHOICE С/М 1*12;кг;602.54;
79953/66954/66316 Ребра из мраморной говядины (Beef Ribs, Back Ribs, 124) PRIMEBEEF С/М 1*12;кг;603.63;
"79933/66944/ 66355 Ребра ""Кальби"" из мраморной говядины (Beef Chuck Short Ribs) PRIMEBEEF С/М 1*12";кг;1348.78;
"66391 Спинной отруб ""Экстра"" (Ribeye Roll) PRIME PB С/М 1*15";кг;4070.4;
 66372 Спинной отруб из мраморной говядины б/к (Ribeye Lip-On) PRIME PRIMEBEEF 1*15;кг;3500.49;
66814 Спинной отруб на кости (Rib, Roast-Ready, 109 D) TOP CHOICE PRIMEBEEF С/М;кг;2827.24;
"79928/53531/66946/66460 Стейк ""Мачете"" из мраморной говядины (Outside Skirt) PRIMEBEEF С/М 1*5";кг;1543.73;
"79929/53530/66931/66934 Стейк ""Мясника"" из мраморной говядины(Hanging Tender) PB С/М 1*5";кг;1453.63;
"66210 Стейк ""Паук"" замороженный (Spider Steak) PRIMEBEEF 1*6 (К)";кг;969.53;
79911/66947 Стейк из диафрагмы говяжий (Inside Skirt) PRIMEBEEF С/М 1*5 (К);кг;747.12;
66043 Стейк из диафрагмы из мраморной говядины (Inside Skirt) PRIMEBEEF С/М 1*5;кг;777.79;
66461 Стейк из диафрагмы из мраморной говядины (Inside Skirt) PRIMEBEEF С/М 1*5;кг;777.79;
"79909/66936 Стейк из мраморной говядины ""Вегас Стрип"" (Vegas Strip Steak) PB С/М 1*5 (К)";кг;856.82;
67019 Стейк Нью-Йорк замороженный (New York Steak) PRIMEBEEF 1*6;кг;2377.54;
78968 (67012) Стейк Рибай (Steak Ribeye) PRIMEBEEF С/М 1*6;кг;3598.87;
67014 Стейк Томагавк (Tomahawk Steak) PRIMEBEEF 1*6;кг;4600.42;
67064 Стейк из говядины Топ Блейд (Top Blade Steak) PRIMEBEEF С/М 1*6;кг;2008.84;
67177/65331  Фарш говяжий 70/30 (Ground Beef) (пакеты по 2кг) PRIMEBEEF/ЗАРЕЧНОЕ С/М 1*8;кг;528.94;
"65079 Фарш говяжий 80/20 ""Ground Beef Light"" (пакеты по 2кг) PRIMEBEEF С/М 1*8";кг;564.22;
66398 Филей верхней части бедра мраморной говядины (Top Sirloin Cap) PRIMEBEEF С/М 1*10 ;кг;1018.36;
79917 / 66953 Филей верхней части бедра мраморной говядины (Top Sirloin Cap) PRIMEBEEF С/М 1*10 (К);кг;1028.14;
66324 Филей наружной части бедра мраморной говядины (Eye of Round, 171С) PB С/М 1*10;кг;835.51;
66967/66348/66389 Филей наружной части бедра мраморной говядины (Eye of Round) PB С/М 1*10;кг;842.5;
79901/66942/66375/79961/66907 Филей подлопаточной части мраморной говядины (Under Blade, Central Cut) PRIMEBEEF С/М 1*10;кг;1143.9;
ОХЛАЖДЕННАЯ;;;
66842/66841 Вырезка головная часть из мраморной говядины (Tenderloin Butt) PRIMEBEEF TOP CHOICE 1*15;кг;2010.03;
"62050 Оковалок Боковая часть тазобедренного отруба ""Экстра"" б/к из говядины (Knuckle peeled) ОХЛ 1*1";кг;831.69;
63013 Стейк Ковбой из мраморной говядины на кости (Cowboy Steak) PRIMEBEEF ОХЛ 1*6;кг;4562.82;
63017 Стейк Портерхаус (Porterhouse Steak) PRIMEBEEF ОХЛ 1*5;кг;3413.8;
62040 Стейк Флэнк (Flank Steak) PRIMEBEEF 1*6;кг;1404.02;
4.ГОВЯДИНА;;;
Говядина вырезка импорт;кг;1419.7;
Говядина вырезка МК 1-1,5кг/шт 10-12кг/кор BY;кг;1860.39;
Говядина Оковалок б/к (Южный);кг;570.68;
Говядина Оковалок б/к ОХЛ (Южный);кг;657.01;
Говядина оковалок без кости Тимашевск в/у с/м 1*25;кг;608.65;
"Щеки Говяжьи с/м ""Ван Продакт"" вес 1*11";кг;692.6;
Язык говяжий зачищенный 1*12;кг;695.65;
6.СВИНИНА;;;
Вырезка свиная б/к с/м (Южный) ;кг;392.75;
"Карбонат свиной ""Южный"" б/к";кг;320.95;
Корейка свиная б/к с/м (Южный);кг;338.38;
Корейка свиная н/к с/м (Ю) 1*20;кг;346.82;
Лопатка свиная б/к;кг;263.9;
Лопатка свинина б/к без рульки (Южный);кг;306.68;
Ребрышки свиные с/м в/у (Южный) ;кг;384.68;
Рулька свиная с/м в/у (Южный);кг;214.76;
Шея свиная без кости с/м МИРАТОРГ 1*25 / 1010010140;кг;614.49;
Шея свиная без кости;кг;348.16;
Шея свиная без кости (Южный);кг;471.58;
Шея свиная без кости (Южный) ОХЛ;кг;616.67;
7.МЯСНЫЕ ДЕЛИКАТЕСЫ;;;
Брезаола сыровяленая ALTO CONCETTO нарезка 100гр 1*10;шт;317.38;
Говядина сыров Брезаола (м) 1кг;кг;2937.31;
"Колбаса с/к ""Сальчичон"" ~0,7кг ЧМПЗ";кг;793.46;
Окорок сыровяленный  нарезка 100гр AltoConcetto 1*10;шт;223.43;
Окорок сыровяленный (кусок) AltoConcetto 1,5-2,0кг ;кг;1986.91;
Окорок сыровяленый VILLANI Маттонелла б/к с трюфелем 2,2кг*8шт кг;кг;4679.25;
Окорок сыровяленый VILLANI Эмильяно с/к с трюфелем 8 кг*1 шт;кг;3619.2;
"Салями Милано нарезка 100гр ""ALTO CONCETTO"" 1*10";шт;150;
"Салями Чоризо ""Снежана"" ~0,5кг";кг;1269.54;
"Шейка Коппа ""Alto Concetto"" 1,0-1,5 кг";кг;1772.51;
8.МЯСНЫЕ ИЗДЕЛИЯ;;;
1.ЗАМОРОЖЕННЫЕ;;;
СОСИСКИ ДЛЯ ХОТ-ДОГОВ;;;
1. РАМАЙ;;;
"Колбаски ""Гриль Баварские"" ХАЛЯЛЬ (индейка и курица) РАМАЙ с/м в/у 80гр, (0,560кг упаковка) 1*10";кг;463.87;
"Колбаски ""Гриль Говяжьи"" ХАЛЯЛЬ (говядина) РАМАЙ с/м в/у 80гр 1*10";кг;512.7;
"Колбаски ""Гриль Куринные"" ХАЛЯЛЬ (курица) РАМАЙ с/м в/у 80гр 1*10";кг;463.87;
"Колбаски ""Гриль с Бараниной"" (баранина) РАМАЙ с/м в/у 80гр 1*10";кг;512.7;
3. РЕМИТ;;;
84358 Колбаски вареные Белые Мюнхенские РЕМИТ в/у ЗАМ 0,4кг вес ;кг;524.8;
79984 Колбаски для гриля Бавария РЕМИТ АССОРТИ в/у ЗАМ вес ;кг;628.67;
Колбаски для гриля Гановерские (улитки) РЕМИТ в/у ЗАМ 0,4кг вес ;кг;610.36;
76545 Колбаски для гриля мини РЕМИТ Куриные со специями Pollo в/у зам. вес 1кг 1*3;кг;578.62;
Колбаски для гриля мини РЕМИТ Свиные со специями в/у зам. вес 1кг 1*3;кг;509.08;
76233 Сосиски Мини РЕМИТ Барбекю зам. в/у (~ 1кг*6уп) вес ;кг;413.39;
76234 Сосиски Мини РЕМИТ Куриные зам. в/у (~ 1кг*6уп) вес ;кг;461.49;
Сосиски Мини РЕМИТ с молоком зам. в/у (~ 1кг*6уп) вес ;кг;446.02;
Сосиски РЕМИТ Гриль с Говядиной с/м в/у 75гр (0,750кг*12)  1*9кг кор;кг;584.03;
86874 Сосиски РЕМИТ для хот-догов из Свинины с/м в/у 75гр (0,750кг*12упак)  1*9кг кор;кг;516.16;
74237 Сосиски РЕМИТ Сочные Куриные из руб.мяса  с/м в/у 75гр (0,750кг*12упак) 1*9кг кор;кг;558.27;
Сосиски РЕМИТ Три перца сыр с/м в/у 130гр*10шт (1,3кг*5упак)  1*6,5кг кор;кг;551.75;
80050 Сосиски РЕМИТ Чикен-спайси с/м в/у 75гр (0,750кг*12пач) 1*9кг кор;кг;501.22;
"Бекон нарезка сырокопченный ""МЯСОРЕЗКА"" с/м Россия 0,8 кг 1*13";шт;421.2;
Голень индейки томленная в/у DellChef 1*5;кг;618.63;
Грудка куриная варено-копченая с/м 1*11;кг;402.83;
77368 Грудка куриная РЕМИТ варено-копченая в/с с/м;кг;622.04;
Колбаса Пепперони нарезка с/к 500гр Таганский Мясокомбинат 1*24;шт;305.69;
"Пастрами из говядины (кусок) в/у ""Мясной Дом"" 1*5";кг;1403.82;
Пастрами из индейки (кусок) в/у DellChef 1*5;кг;761.03;
2.ОХЛАЖДЕННЫЕ;;;
"Ветчина из бедра индейки ~3,7кг ""Микоян"" 1*7";кг;298.35;
"Ветчина из индейки 0,4кг ""Царицыно"" 1*12 ";шт;248.23;
Окорок Столичный в/к (Бел.Рецепт) ~1,2кг -1,6/шт 1*13;кг;519.53;
Окорок Тамбовский в/к (Егорьевский МК) ~1,7кг/шт;кг;777.63;
"Суджук ""Клин"" ГОСТ с/к";кг;2033.15;
 5.ПТИЦА;;;
1.ЦЫПЛЯТА;;;
"Голень куриная замороженная, пакет 2,5 кг ""ЕС АГРО"" 1*15кг";кг;274.66;
"Крыло цыпленка двух-фаланговое зам, пакеты 2,5кг ""Золотое зернышко";кг;268.61;
"Крыло цыпленка двух-фаланговое замороженное, пакеты 2,5кг ""ЕС АГРО"" 1*15";кг;280.76;
"Окорочка ""Приосколье"" лоток *8,2кг";кг;241.19;
Печень куриная (лоток) 1*10 / 1*9;кг;156.42;
"Филе бедра без кожи, без кости подложка ""ЕС АГРО"" 1*15";кг;432.16;
"Филе бедра без кожи, без кости подложка ""Золотое зернышко""";кг;360.11;
"Филе бедра с кожей, без кости подложка ""ЕС АГРО"" 1*15";кг;416.28;
"Филе грудной части цыпленка, без кожи, без кости, подложка ""Золотое зернышко""";кг;325.97;
"Филе грудной части цыпленка, без кожи, без кости, подложка ""ЕС АГРО"" 1*15";кг;429.68;
Филе грудки кур (лоток) Приосколье  ;кг;324.42;
Цыпленок корнишон кукурузного откорма (желтый) 600+гр 1*20;шт;256.4;
Цыпленок корнишон белый (Ярославль) 350-400 гр 1*20;шт;162.52;
Цыпленок корнишон белый (Ярославль) 450-500 гр 1*18;шт;175.81;
Цыпленок тушка без кости (Шаурма) ЕС АГРО (пакет 2,5кг) 1*20;кг;311.28;
"Цыплята-бройлер ""БАЙСАД"" 1,1кг/1,2кг/1,3кг/1,4кг 1кат 1*11-14кг";кг;237.68;
2.ЯЙЦО;;;
Желток жидкий пастеризованный охл.0,9л ГОСТ Grovo@ Россия 1*6;шт;315.88;
Яйцо куриное 1С 1*360;шт;7.91;
Яйцо перепелиное 1кор*20шт ;упак;106.14;
3.УТКА;;;
"Сердце утки с/м в/у ""Маршрутка"" 1*10";кг;266.54;
"Суповой набор из утки с/м ""Маршрутка"" 1*8";кг;127.5;
"Утиная грудка Мagret ""Галерея Вкуса"" 350-500гр/4,5-5кг.кор. (Беларусь)";кг;1123.05;
"Утиная грудка сырокопченая ""Магре"" 300/450гр с/м в/у 1*6";кг;1323.44;
"Утиная Печень в лотках с/м в/у ""Маршрутка"" 1*10";кг;173.8;
"Утиная печень премиум (Фуа-Гра) в/у.450-600гр ""Галерея Вкуса"" 1*2,5 ";кг;6254.28;
"Утиная печень эскалоп (стейк) (Фуа-Гра) в/у.40-60гр ""Галерея Вкуса"" 1*2,5 ";кг;5441.47;
"Утиный окорочок с/м в/у ""Маршрутка"" 1*8";кг;453.94;
"Утка тушка без головы 2,0кг-2,4кг 1сорт ""МАРШРУТКА"" (КФХ Ткаченко Игорь Игорьеви) 1*10 ""Конечная остановка – Ваш роскошный стол!""";кг;266.54;
4.ПЕРЕПЕЛКА;;;
Перепелка тушка 1 кат 180-199 гр Премиум с/м;кг;702.06;
Перепелка тушка 1 кат 200+ гр Премиум 1*10;кг;701.91;
Перепелка тушка 200-220 гр 1*4;кг;658.82;
"Крылышки куриные ""Оригинальные""в панировке весовые 1*5 ""Часар""";кг;324.99;
 6.ОВОЩИ, ЯГОДЫ, ГРИБЫ;;;
1.КАРТОФЕЛЬ ФРИ, КАРТОФЕЛЬНЫЕ ИЗДЕЛИЯ;;;
McCain;;;
"230430 Картофель молодой без кожуры ""McCain"" 2,5кг 1*4";шт;830.17;
1000009320 Картофель фри FAVORITA (в хрустящей панировке) 9мм 2.5кг 1*5;шт;543.11;
Картофель фри БАТАТ 10*10 в панировке Египет 2,5кг 1*4;шт;926.91;
"1000005392 Картофельные шарики с беконом и капустой ""McCain"" 1кг 1*6";шт;1127.07;
"1000006874 Картофельные шарики с сыром Раклет ""McCain"" 1кг 1*6";шт;1094.17;
"111001 Кольца болгарского перца в панировке ""McCain"" 1кг*6";шт;472.81;
"Котлеты Картофельные с луком 1,5кг ""HY FUN"" 1*8";шт;424.92;
"Котлеты Картофельные треугольные 2,5кг ""HY FUN"" 1*4";шт;669.74;
"Котлеты Картофельные треугольные Hashbrowns 2,5кг ""FARM FRITES"" Бельгия 1*4";шт;955.88;
"1000005232 Мини пирожки с сыром ""McCain"" 1кг 1*6";шт;826.35;
"Картофель Алфавит ""FARM FRITES"" 1кг 1*10";шт;295.87;
"Картофель фри ""Bistro Horeca"" 10*10мм IGLOTEX 2,5кг 1*5";шт;510.99;
Картофель фри 10мм IGLOTEX Professional 2,5кг 1*5;шт;599.13;
Картофель фри 10мм Kerevitas 2,5кг 1*5;шт;549.32;
Картофель фри 10мм в панировке BARTS GOURMET 2,5кг 1*4;шт;671.39;
Картофель фри 7мм IGLOTEX Professional прямой 2,5кг 1*4;шт;617.34;
Картофель фри 9мм Премиум FineFood 2,5кг 1*6;шт;608.29;
Картофель фри БАТАТ 9*9 Fry Me 2,5кг 1*5;шт;1127.61;
Картофель фри Стейкхаус 9*18 IGLOTEX Professional 2,5кг 1*5;шт;610.36;
Картофельное пюре Kerevitas 1*16кг ;кг;161.38;
Картофельные дольки с кожурой IGLOTEX Professional 2,5кг 1*5;шт;581.03;
Картофельные дольки со специями BARTS GOURMET 2,5кг 1*4;шт;671.39;
Картофельные крокеты FineFood 1,5кг 1*6;шт;351.68;
"Картофельные крокеты Вафли ""Bonfrin"" 1кг 1*10";шт;185.43;
"Картофельные крокеты Смайлы ""Bonfrit"" 1кг 1*10";шт;260.69;
"0426 Картофельные чипсы ""SuperFresh"" 1кг 1*10";шт;287.07;
Картофельные Чуррос с/м Gurme 2,5кг 1*6;шт;738.06;
"Картофельные шарики ""FARM FRITES"" 2,5кг 1*4";шт;762.43;
Котлеты HASHBROW 90мм 1,5кг (Турция) 1*6 ;шт;608.29;
"Крокеты из брокколи ""Bonfrit"" 1кг 1*10";шт;330.21;
"Крокеты из цветной капусты ""Bonfrit"" 1кг 1*10";шт;330.26;
Луковые кольца FineFood 1,5кг 1*6;шт;469.25;
Овощные картофельные палочки 1кг 1*10;шт;261.83;
2.ЯГОДЫ;;;
Ананасы кусочками замороженный Esoro Тайланд 1кг 1*10;кг;435.78;
Ананасы кусочками замороженный Вьетнам 1кг;кг;410.59;
"Брусника с/м ""Вологодская Ягода"" ";кг;411.94;
"Вишня без кости с/м ""Вологодская Ягода"" ";кг;366.21;
"Голубика с/м ""Вологодская Ягода"" (пакет 2,5кг) 1*4";кг;544.66;
"Ежевика с/м ""Вологодская Ягода"" (пакет 2,5кг) 1*4";кг;480.11;
"Калина с/м ""Всегда пожалуйста"" 0,3кг 1*8";шт;75.1;
"Клубника с/м ""Вологодская Ягода""  ";кг;268.97;
"Клюква дикая с/м ""Вологодская Ягода"" ";кг;520.87;
"Красная смородина (0,3 кг) ТМ ""Всегда пожалуйста"" 1*8";шт;118.45;
"Крыжовник с/м весовой ""Вологодская Ягода"" 1*10";кг;209.28;
"Малина с/м ""Вологодская Ягода"" (пакет 2,5кг) 1*4";кг;673.82;
Манго кубики замороженное Перу 1кг*10;кг;598.15;
"Морошка с/м ""Кружево Вкуса"" 0,3 кг 1*7";шт;665.7;
"Облепиха дикая с/м ""Вологодская Ягода""";кг;305.18;
"Черная смородина с/м ""Вологодская Ягода"" ";кг;476.08;
"Черника с/м весовая ""Вологодская Ягода""";кг;455.49;
3.ГРИБЫ;;;
"Белый гриб резаный с/м ""Вологодская ягода""  1*6кг";кг;548.59;
"Белый гриб целый с/м ""Просто азбука"" 0,35 кг 1*7";шт;440.44;
"Белый гриб экстра 2-4 см с/м ""Вологодская ягода"" 1*4/5";кг;1292.61;
"Грибное лукошко с/м ""Всегда пожалуйста"" 0,3 кг 1*8";шт;91.04;
"Лисички с/м ""Кружево Вкуса"" 0,3 кг 1*6";шт;183.47;
"Опята с/м ""Кружево Вкуса"" 0,3 кг 1*8";шт;95.17;
"Слива половинки 0,3кг ""Всегда пожалуйста"" 1*8";шт;63.57;
"Шампиньоны резаные с/м весовые ""Вологодская Ягода"" 1*10";кг;132.93;
4.ОВОЩИ, ОВОЩНЫЕ СМЕСИ;;;
Бобы соевые Эдамаме зеленые в стручке с/м 0,5кг ESORO 1*20;шт;228.26;
"Брокколи капуста с/м ""Вологодская Ягода"" (пакет 2кг) 1*4";кг;317.38;
"Брюссельская капуста с/м ""Вологодская Ягода"" (пакет 2,5кг) 1*4";кг;398.95;
"Горошек зеленый с/м ""Вологодская Ягода"" (пакет 2,5кг) 1*4";кг;238.04;
"Жимолость с/м  ""Всегда пожалуйста"" 0,3кг 1*7";шт;216;
Каштаны очищенные с/м ARDO 1кг 1*10;шт;864.01;
Кукуруза в початках с/м весовая 1*12;кг;177.05;
"Кукуруза десертная в початках с/м 0,5кг ""Часар"" (пакет) 1*16";шт;118.14;
Спаржа с/м 1кг 1*10;кг;800.19;
"Фасоль стручковая резанная с/м ""Вологодская Ягода""  1*9";кг;224.07;
"Цветная капуста с/м ""Вологодская Ягода"" (пакет 2кг) 1*4";кг;236.64;
"Шпинат листовой с/м ""Вологодская Ягода"" (пакет 2,5кг) 1*4";кг;369.32;
"Шпинат рубленый порционый с/м ""Вологодская Ягода"" (пакет 2,5кг) 1*4";кг;272.06;
 7.КОНДИТЕРСКИЕ И Х/Б ИЗДЕЛИЯ, МОРОЖЕНОЕ;;;
1.ВЫПЕЧКА;;;
222102 Дэниш Шоколадно-ореховый 1*60;шт;59.97;
Крендель 70г с шоколадной глазурью и кокосовой стружкой 1*20;шт;54.93;
Круассан-мини сливочный микс 25гр FINE FOOD (5 пакетов *80шт);шт;12.93;
"80510 Мини пирожное в наборе глаз/сир. 42гр ""Lantmännen Unibake"" 1*120";шт;25.86;
"80169 Пекан кленовый 95гр ""Schulstad"" 1*48";шт;68.85;
"80953 Плетенка с творожным кремом ""Lantmännen Unibake"" 1*64";шт;41.11;
"218227 Улитка с корицей, с глазурью 86,8гр Ритэйл ""Lantmännen Unibake"" 12*4шт";шт;194.12;
2.ХЛЕБОБУЛОЧНЫЕ ИЗДЕЛИЯ (Булочки, Сандвичный хлеб, Булочки для фаст-фуда);;;
DELICADOS PROFESSIONAL;;;
Пита лепешка пшеничная 400гр (5шт в упаковке) 1*10упак.;упак;51.36;
"Тортийлья пшеничная 10"" (25см) (12 лепешок) 0,8кг Delicados Professional замороженные 1*10 ";шт;140.38;
"Тортийлья пшеничная 12"" (30см) (12 лепешок) 1,0кг Delicados Professional замороженные 1*5";шт;212.54;
"Тортийлья пшеничная 6,5"" (16,2см) (12 лепешок) 0,35кг Delicados Professional замороженные 1*15";шт;123.26;
"Тортийлья пшеничная со вкусом сыра 10"" (25см) (12 лепешок) 0,81кг Delicados Professional замороженные 1*10";шт;162.11;
HARRY`S;;;
"Сэндвичный хлеб Пшеничный ""Harry`s"" American Sandwich 470гр 1*10";шт;82.92;
"Сэндвичный хлеб С отрубями ""Harry`s"" 515гр 1*10";шт;82.92;
LANTMANNEN UNIBAKE;;;
"221564 Багет для французского хот-дога 110гр ""Lantmännen Unibake"" 1*28";шт;36.57;
"221579 Багет изделие булочное 155гр ""Lantmännen Unibake"" 1*20";шт;36.93;
"217213 Булочка для бургера БриошьXXL 100мм 60 гр ""Lantmännen Unibake"" 1*48";шт;16.76;
"217212 Булочка для бургера Бриошь XXL 125мм 89 гр ""Lantmännen Unibake"" 1*24";шт;25.17;
"3262 Булочка для бургера Бриошь100мм 55гр ""Lantmännen Unibake"" 1*48";шт;16.4;
"200991 Булочка для бургера Бриошь125мм 84гр ""Lantmännen Unibake"" 1*24";шт;23.69;
"215500 Булочка для бургера Картофельная 125мм 80гр ""Lantmännen Unibake"" 1*24";шт;23.64;
"4221 Булочка для бургера квадратная ЧИЛИ 130гр ""Lantmännen Unibake"" 1*24";шт;29.13;
"215501 Булочка для бургера Мультизлаковая 125мм 87гр ""Lantmännen Unibake"" 1*24";шт;23.38;
"Булочка для бургера Солнечная 114мм 89 гр ""Lantmännen Unibake"" 1*30";шт;19.86;
"1601 Булочка для гамбургеров с кунжутом 100мм ""Lantmannen Unibake"" 1*48";шт;12.24;
200993 / 221573 Булочка для гамбургеров с кунжутом 100мм 63гр ИМПРИНТ (KFC) 1*48 ;шт;13.6;
"1648 (25117) Булочка для гамбургеров с кунжутом 125мм 82гр ""Lantmännen Unibake"" 1*24";шт;19.4;
221584 Булочка для гамбургеров с кунжутом GLAZE 125 мм 82 г 1*24;шт;22.86;
"3249 Булочка для гамбургеров с кунжутом Черная 125мм 89гр ""Lantmännen Unibake"" 1*24";шт;26.75;
"3257/221581 Булочка для датского хот-дога без кунжута 170мм 60гр ""Lantmännen Unibake"" 1*36/54";шт;14.12;
"216304/3175 Булочка для датского хот-дога без кунжута МИНИ 120мм 40гр ""Lantmännen Unibake"" 1*84";шт;12.88;
221586 Булочка для датского хот-дога Бриошь 60 гр  1*36;шт;15;
221587 Булочка для датского хот-дога Картофельная 60 гр  1*36;шт;15;
"0017 Булочка (багет) для французского хот-дога (Ø 23мм) 60гр ""Lantmännen Unibake"" 1*40";шт;16.91;
"3220 Панини 100гр ""Lantmännen Unibake"" 1*36";шт;25.14;
"3195 Чиабатта классическая 130гр ""Lantmännen Unibake"" 1*36";шт;28.6;
"3211 Чиабатта прямоугольная 70гр ""Lantmännen Unibake"" 1*40";шт;18.52;
Time of Bread;;;
"Багет пшеничный 230гр ""Time of Bread"" (замороженный) 1*15";шт;85.09;
"Булочка пшеничная 40гр ""Time of Bread"" (замороженная) 1*96";шт;13.71;
"Булочка пшенично-ржаная 40гр ""Time of Bread"" (замороженная) 1*96";шт;11.79;
"Круассан классический 35гр ""Time of Bread"" 1*189";шт;22.97;
"Круассан классический 80гр ""Time of Bread"" 1*72";шт;39.83;
"Круассан с шоколадом 45гр ""Time of Bread"" 1*160";шт;26.53;
"Круассан с шоколадом 95гр ""Time of Bread"" 1*72";шт;64.29;
"Круассан сливочный 35гр ""Time of Bread"" 1*189";шт;32.85;
"Круассан сливочный 70гр ""Time of Bread"" 1*72";шт;50.59;
"Круассан сливочный 80гр ""Time of Bread"" 1*72";шт;58.76;
"Пекан Кленовый 45гр ""Time of Bread"" 1*160";шт;42.36;
"Слоенные пальчики 30гр ""Time of Bread"" 1*192";шт;25.97;
"Слойка с Абрикосом 35гр ""Time of Bread"" 1*190";шт;18.57;
РАЗНЫЕ ПРОИЗВОДИТЕЛИ;;;
"20702390 Панировочный сухари ""Golden Dipt"" KS Premium Bread Crubm 1кг 1/10";шт;239.75;
ХЛЕБЦЫ ЩЕДРЫЕ ;;;
"Хлебцы Бородинские ""ЩЕДРЫЕ"" 100г 1*24";шт;37.91;
"Хлебцы Бородинские ""ЩЕДРЫЕ"" 200г 1*12";шт;70.81;
"Хлебцы Гречневые ""ЩЕДРЫЕ"" 100г 1*24";шт;37.91;
"Хлебцы Гречневые ""ЩЕДРЫЕ"" 200г 1*12";шт;70.81;
"Хлебцы пшеничные ""ЩЕДРЫЕ"" 100г 1*24";шт;37.91;
"Хлебцы Ржано-пшеничные особые с Кунжутом ""ЩЕДРЫЕ"" 200г 1*12";шт;81.36;
"Хлебцы Ржано-пшеничные особые с Укропом и чесноком ""ЩЕДРЫЕ"" 200г 1*12";шт;81.36;
"Хлебцы Ржаные ""ЩЕДРЫЕ"" 25г 1*90";шт;28.81;
"Хлебцы Ржаные ""ЩЕДРЫЕ"" 50г 1*48";шт;39.26;
"Хлебцы с Чесноком Ржаные ""ЩЕДРЫЕ"" 100г 1*24";шт;37.91;
Хлебцы тонкие c с прованскими травами 200г Croisette 1*16;шт;131.02;
"Хлебцы тонкие бородинские ""ЩЕДРЫЕ"" 170г 1*20";шт;81.26;
"Хлебцы тонкие многозерновые ""ЩЕДРЫЕ"" 170г 1*20";шт;81.36;
Хлебцы тонкие ржаные 200г Croisette 1*16;шт;131.02;
3.КОНДИТЕРСКИЙ ДОМ СЕЛЕЗНЕВА;;;
"Макарони ""Ассорти"" 5 видов 0,50кг (25 штук)";шт;45.78;
"Макарони Мини ""Ассорти"" 0,220кг (25 штук)";шт;27;
Торт Антуаз 1,2кг (12 порций);шт;1345.68;
Торт Грушевый 1,25кг (12 порц);шт;1269.59;
Торт Лез Оранж 1,1кг (12 порций);шт;1189.83;
Торт Лимонный с меренгой 1,1кг (12 порц);шт;1145.04;
Торт Миндальный 1 кг;шт;1419.8;
Торт Морковный 1,4кг (12пор);шт;1095.64;
Торт Парижский  1,0кг (12 порций);шт;1209.12;
"4.ЧИЗКЕЙКИ ""CHEESEBERRY""";;;
"Торт ""Медовик"" 1,4кг Чизбери 1*4";шт;1264.52;
"Чизкейк ""New York классический"" 1,2кг 12 порций ""CheeseBerry"" 1*4";шт;781.72;
"Чизкейк ""New York классический"" 1,66кг 16 порций ""CheeseBerry"" 1*4";шт;1385.71;
"Чизкейк ""New York классический"" 2кг (16 порций) ""Десерт Фентези"" ";шт;1300.06;
"Чизкейк ""New York с клубникой"" 1,66 кг 16 порций Чизбери 1*4";шт;1393.89;
"Чизкейк ""New York шоколадный"" 1,66кг 16 порций ""CheeseBerry"" 1*4";шт;1564.16;
"Чизкейк ""Манго-маракуйя"" 2,56кг (16 порций) ""Десерт Фентези"" ";шт;1759.79;
773022 Чизкейк карамельный с арахисом 70г  24шт/кор ;шт;69.98;
"ДФ-587 Чизкейк с клубникой 1,74кг (12 порций) ""ДФ"" ";шт;1147.05;
773021 Чизкейк шоколадный с вишней 70г  24шт/кор ;шт;69.98;
5.BINDI;;;
"Профитроль в шоколадном соусе 1,1кг 24 шарика ""BINDI""";шт;1279.31;
"Профитроль классический в белом соусе 1,1кг 24 шарика ""BINDI""";шт;1279.31;
"Торт ""Тирамису"" 12 порций  1,26кг ""BINDI""";шт;1153.47;
"Штрудель яблочный 1,1 кг ""BINDI""";шт;1560.13;
5.МОРОЖЕНОЕ ЮБИЛЕЙНОЕ;;;
Мороженое Банан ГБН 8% 3кг ГВБ Дольче Латте;шт;1640.35;
Сорбет Манго 3кг ГМГ 0% Дольче Латте;шт;1408.52;
"Мороженое Батончик ""Лакомка"" ванильный 12% 80гр 1*30";шт;52.91;
СВГН Мороженое Настоящий пломбир ванильный Гигант 15% вафельный стаканчик 150гр 1*24;шт;63.1;
Мороженое Настоящий пломбир шоколадный Гигант 15% вафельный стаканчик 150гр 1*24;шт;62.54;
Пломбир ГЮВ 3кг  ;шт;778.98;
Пломбир ГЮК Клубника 3кг ;шт;778.98;
Пломбир ГЮШ Шоколад 1кг Пакет;шт;267.26;
Пломбир ГЮШ Шоколад 3кг ;шт;778.98;
Черная Клубника 3кг ГЧК Дольче Латте;шт;1845.86;
7.ЯГОДНЫЕ ПЮРЕ;;;
Маракуйя мякоть с косточкой (с/м)  Esoro 1кг 1*10;шт;854.5;
"Пюре Ананас ""CR"" 1кг 1*8";шт;732.43;
"Пюре Ананас ""Mazzoni"" 1кг 1*6";шт;666.53;
Пюре Арбуз 1кг;шт;894.7;
"Пюре Банан ""La Fruitiere"" (без сахара) 1кг 1*6 ";шт;739.96;
Пюре Грейпфрут 1кг;шт;876.12;
"Пюре Груша Вильямс ""Mazzoni"" (без сахара) 1кг 1*6";шт;629.91;
"Пюре Дыня ""Mazzoni"" (10% сахара) 1кг 1*6";шт;639.68;
"Пюре Ежевика ""La Fruitiere"" (10% сахара) 1кг 1*6 ";шт;1307.07;
"Пюре Клубника ""Leonce Blanc"" 1кг 1*6 Франция";шт;646.98;
"Пюре Клюква  ""DE"" 1кг*8 шт/кор Германия";шт;805.77;
"Пюре Малина ""Leonce Blanc"" 1кг 1*6 Франция";шт;1097.45;
Пюре Малина 1кг 1*8 Сербия;шт;964.41;
"Пюре Манго ""Mazzoni"" 1кг 1*6 Италия";шт;792.27;
"Пюре Маракуйя ""Leonce Blanc"" 1кг 1*6 Франция";шт;895.31;
"Пюре Маракуйя ""Mazzoni"" 1кг 1*6 Италия";шт;1094.97;
Пюре Облепиха 1кг*8 шт/кор;шт;592.25;
Пюре Черника 1 кг;шт;1484.15;
"Пюре Яблоко зеленое ""Mazzoni"" 1кг 1*6 ";шт;653.08;
Юдзу сок замороженный 0,5кг 1*10;шт;1496.61;
"8. ДОНАТЫ ""DAWN FOODS""";;;
"Донат CARAMELOVE с карамельной начинкой 67гр ""STOKSON"" 1*12";шт;64.66;
"Донат CHOC CREAM с шоколадной начинкой, белым покрытием 67гр ""STOKSON"" 1*12";шт;64.66;
"Донат COCO с кокосовой начинкой 70гр ""STOKSON"" 1*12";шт;62.48;
"Донат COOKIES с ванильной начинкой ""Печенье"" 75гр ""STOKSON"" 1*12";шт;64.66;
"Донат FRUTTI с начинкой из малины и смородины 70гр ""STOKSON"" 1*36/12";шт;62.45;
"Донат HAPPY в какао глазури с посыпкой из цветного драже 61гр ""STOKSON"" 1*12";шт;70.7;
"Донат LOVE с клубничной начинкой 71гр ""STOKSON"" 1*12";шт;65.79;
"Донат MARSHMALLOW с посыпкой из пастилы 61гр ""STOKSON"" 1*12";шт;64.13;
"Донат NUTTY CREAM с ореховой начинкой 71гр ""STOKSON"" 1*12";шт;64.66;
"Донат PANNA COTTA с начинкой из малины и творожного сыра 69гр ""STOKSON"" 1*12";шт;66;
"Донат SALTY CARAMEL с начинкой соленая карамель 70гр ""STOKSON"" 1*12";шт;66.2;
"Донат STRAWBERRY с клубничной начинкой 70гр ""STOKSON"" 1*12";шт;64.66;
"Донат TRIPLE CHOC с шоколадной начинкой 69гр ""STOKSON"" 1*12";шт;64.66;
"Донат с Оранжевой глазурью, двойной начинкой и посыпкой 73гр ""STOKSON"" 1*12";шт;70.91;
9. ДЕСЕРТ ФЕНТЕЗИ;;;
"Пирожное ""Тирамису Маскарпоне"" 110г 9шт/кор*4 ""ДФ""";шт;154.66;
"Тарталетка ""Малиновая"" 120г 9шт/кор*4 ""ДФ""";шт;109.09;
"ДФ-27 Торт ""Захер"" (16 порций) 2240г ""ДФ"" 1*4";шт;1616.92;
"ДФ-93 Торт ""Медовик"" (14 порций) 2240г ""ДФ"" 1*4";шт;1296.18;
"ДФ-607 Торт ""Тирамису"" классик (12 порций) 1440г ДФ";шт;1159.83;
МОРОЖЕНОЕ;;;
"22693 Мороженое Ванильное 2500гр ""Glacio"" Бельгия 1*2";шт;1737.96;
"21519 Мороженое Грецкий орех Карамель 1300гр ""Glacio"" Бельгия 1*4";шт;1506.23;
"4836 Мороженое Двойной ананас 1605гр ""Glacio"" Бельгия 1*2";шт;1602.49;
"Мороженое Michielan Gelati ""Йогурт Лесные Ягоды"" 1575гр 1*2";шт;1320.02;
"21213 Мороженое Клубника со сливками 1284гр ""Glacio"" Бельгия 1*4";шт;1390.37;
"4033 Мороженое Клубничное 2585гр ""Glacio"" Бельгия 1*4";шт;2317.28;
"Мороженое Michielan Gelati ""Малина"" 1575гр 1*2";шт;1320.02;
"Мороженое Michielan Gelati ""Печенье"" 1575гр 1*2";шт;1320.02;
"4799 Сорбет ""Клубника"" 1650гр Glacio, Бельгия";шт;1409.14;
"4800 Сорбет ""Кокос"" 1600гр Glacio, Бельгия";шт;1711.17;
"4840 Сорбет ""Малиновый"" 1595гр Glacio, Бельгия";шт;1591.79;
"4802 Сорбет ""Маракуйа и апельсин"" 1650гр Glacio, Бельгия";шт;1421.09;
"21648 Сорбет ""Черная смородина"" 1700гр Glacio, Бельгия";шт;1485.96;
"Мороженое Michielan Gelati ""Сорбет Мандарин"" 1575гр 1*2";шт;1423.27;
"Мороженое Michielan Gelati ""Тирамису"" 1575гр 1*2";шт;1320.02;
СВЕЖАЯ ВЫПЕЧКА;;;
"Круассан классический 60гр ""ДФ"" 2уп*35шт";шт;35.38;
30214 Круассан классический 60гр Bridor Франция 2уп*35шт;шт;60.47;
39889 Круассан с заварным кремом 100гр Bridor Франция 50шт;шт;78.73;
440021 Круассан с какао-лесным орехом 85гр Neuhauser Франция 2уп*30шт;шт;74.07;
227713 Круассан с Клубничной начинкой 85гр Mantinga Литва 1*36;шт;64.91;
"Круассан с миндалем и миндальным кремом 95гр ""ДФ"" 1*30шт";шт;63.31;
227138 Круассан с Шоколадной начинкой 90гр Mantinga Литва 1*36;шт;68.54;
55077 Круассан слив масло 24% 70гр Neuhauser Франция 2уп*42шт;шт;56.64;
742241 Слойка с яблоком 42г 1*100шт;шт;11.12;
ЧЕПЕНКО (круассаны, торты, пирожное);;;
310303 Брауни 80г  24шт/кор ;шт;55.35;
Грилата с брынзой и зеленью 100г  32шт/кор ;шт;47.22;
Грилата с курицей и грибами 100г  32шт/кор ;шт;63.62;
772111 Киш с ветчиной и сыром 70г  32шт/кор ;шт;54.21;
"742328 Круассан с ветчиной и сыром 85г ""Премиум"" 50шт/кор ";шт;40.86;
"742327 Круассан с кремом 85г ""Премиум"" 50шт/кор ЧЕПЕНКО";шт;34.5;
"742326 Круассан с шоколадом 85г ""Премиум"" 50шт/кор ЧЕПЕНКО";шт;41.28;
300307 Кукирс сливочный с Шоколадом 70г 30шт/кор ;шт;50.85;
770149 Маффин сливочный 90г с начинкой (ванильный) 20шт/кор ;шт;43.35;
770150 Маффин шоколадный 90г с начинкой (шоколадной) 20шт/кор;шт;49.76;
"912207 Пирожное ""Картошка"" 70гр 96шт/кор ";шт;32.64;
731004 Пицца ветчина и сыр закрытая 150г 16шт/кор ;шт;62.59;
730011 Пицца с салями 140г 30шт/кор;шт;46.81;
730008 Пицца с салями из слоенного дрожжевого теста 140г 30шт/кор ЧЕПЕНКО;шт;50.9;
912701 Трубочка вафельная с начинкой вареная сгущенка 70г  20шт/кор ;шт;34.09;
510040 Улитка с корицей 45г  120шт/кор ;шт;16.29;
510030 Улитка с корицей 80г  30шт/кор ;шт;37.76;
"910042 Штрудель вишневый ""Австрийский"" 150г порционный 16шт/кор ";шт;92.69;
741050 Штрудель с ветчиной и сыром 150г  30шт/кор ;шт;64.81;
741051 Штрудель с вишней 150г  30шт/кор ;шт;48.72;
741057 Штрудель со шпинатом и сыром 150г  30шт/кор ;шт;59.85;
"910045 Штрудель яблочный ""Австрийский"" порционный 150г 16шт/кор ";шт;75.16;
 8.ПОЛУФАБРИКАТЫ, ТЕСТО;;;
1.С ПЫЛУ С ЖАРУ;;;
"Блин хот дог ""Сытый Папа"" вес 1*4";кг;204.81;
"Блинчики ""С Пылу с Жару"" без начинки (15см) весовые 1*4";кг;125.69;
"Блинчики ""С Пылу с Жару"" с ветчиной и сыром (трубочки) весовые 1*6";кг;189.05;
"Блинчики ""С Пылу с Жару"" с вишней (трубочки) вес 1*6";кг;172.14;
"Блинчики ""С Пылу с Жару"" с клубникой (трубочки) весовые 1*6";кг;162.62;
"Блинчики ""С Пылу с Жару"" с курицей (трубочки) весовые 1*6";кг;165.78;
"Блинчики ""С Пылу с Жару"" с малиной (трубочки) весовые 1*6";кг;246.99;
"Блинчики ""С Пылу с Жару"" с мраморной ветчиной и сыром (конверт) Premium вес 1*3";кг;360.16;
"Блинчики ""С Пылу с Жару"" с ореховой пастой (NUTELLA) (трубочки) вес 1*6";кг;259.04;
"Блинчики ""С Пылу с Жару"" с творогом (трубочки) весовые 1*6";кг;171.99;
"Блинчики ""С Пылу с Жару"" с вареной сгущенкой (трубочки) весовые 1*6";кг;188.12;
"Блинчики ""Сытый Папа"" с вареным сгущенным молоком (конверты) вес 1*5";кг;180.62;
"Блинчики ""Сытый Папа"" с клубникой (конверты) весовые 1*5";кг;161.59;
"Блинчики ""Сытый Папа"" с творогом (конверты) весовые 1*5";кг;176.54;
"Вареники ""С Пылу с Жару""с вишней весовые 1*5";кг;283.25;
"Вареники ""Сытый папа"" с картофелем весовые 1*5";кг;148.96;
"Вареники ""Сытый папа"" с творогом весовые 1*5";кг;196.87;
"Котлеты рыбные Лососевые ""С Пылу с Жару"" весовые 1*5";кг;219.26;
"Оладьи ""С Пылу с Жару"" American Pancake весовые 1*4";кг;157.55;
"Омлет-рулет с запеченной курицей и сыром ""С Пылу жару"" вес 1*4";кг;536.44;
"Омлет-рулет с сыром и грибами ""С Пылу жару"" вес 1*4";кг;460.2;
"Пельмени ""Сытый Папа"" с сочным мясом вес 1*5";кг;180.68;
"Пельмени Рыбные ""Лососевые"" вес 5 кг";кг;175.45;
"Сэндвичи с белым шоколадом ""С Пылу с Жару"" 1*4";кг;288.42;
"Сэндвичи с вареной сгущенкой ""С Пылу с Жару"" 1*4";кг;255.73;
"Сэндвичи с вишней ""Crepelatier"" 1*4";кг;235.14;
"Сэндвичи с ореховой пастой ""С Пылу с Жару"" 1*4";кг;288.42;
"Котлеты для бургера из курицы ""Айсвел"" (Ø100мм/110гр) 1*5кг";кг;313.76;
Наггетсы куриные Аппетитные готовые ~26гр 2кг/пакет Халяль Смолевичи Беларусь 1*12;кг;283.76;
"Наггетсы куриные традиционные ""Cargill"" весовые (15*1,115кг) 1*16,725";кг;351.16;
Пинса Romano с/м 25 см 1*20;шт;87.16;
Пинса Новиков с/м 25 см 1*10;шт;76.19;
Пинса Новиков с/м 30 см 1*10;шт;80.85;
Тесто для вонтонов uPastry Chef® 3,5'' 200гр (36 листов) 1*40;шт;175.71;
Тесто для гёдза uPastry Chef® 4'' 300гр (54 листа) 1*40;шт;328.76;
"Тесто Катаифи ""Bontier"" 450гр 1*8";шт;110.69;
Тесто слоенное Banquet D`OR 10кг (16 листов по 625гр);шт;10007.3;
"Тесто слоеное ""Звездное"" Без дрожжевое 0,5кг. 1/16шт";шт;96.05;
"Тесто слоеное ""Звездное"" Дрожжевое 0,5кг";шт;99.26;
"Тесто ""Спринг Роллз"" TYJ  20к*550 г";шт;354.06;
"Тесто ""ФИЛО"" Bousmalis 0,5кг 1*9";шт;102.57;
 9.БАКАЛЕЯ;;;
 1. СЫР, МОЛОКО, СЛИВКИ;;;
ALPRO;;;
Молоко кокосовое (с соей) ALPRO Professionals 1л 1*12;шт;212.95;
Молоко миндальное ALPRO Professionals (подходит для взбивания) 1л 1*8;шт;210.88;
Молоко ореховое со вкусом Миндаля Plan B 1л 1*12;шт;232.92;
Молоко соево-банановое ALPRO  1л 1*12 (16);шт;213.26;
"Молоко соевое ""Green milk"" 1л 1*12";шт;167.69;
"Молоко соевое со вкусом Ванильного пломбира ""Vanilla Plombir"" ALPRO 1л 1*12";шт;144.99;
"Молоко соевое со вкусом Кокоса ""Green milk"" 1л 1*12";шт;184.24;
"Молоко соевое со вкусом Фундука ""Green milk"" 1л 1*12";шт;184.24;
Молоко фундук-пекан ALPRO 1л 1*12 ;шт;179.64;
COOKING;;;
Сыр Скаморца копченая 235гр 1*5;шт;263.44;
DANONE;;;
"Творог ""Простоквашино"" 5% 200гр*6";шт;107.12;
"Творог ""Простоквашино"" 9% 200гр*6";шт;117.36;
PRESIDENT, GALBANI;;;
Продукт творожный ванильный ( Запеканка творожная с экстрактом ванили) 5,5% 150г 1*8;шт;102.11;
Сливки PRESIDENT 35% 1л 1*16;шт;409.66;
Сметана Президент 20% 350гр 1*12;шт;126.47;
Сметана Президент 30% (ведро) 2,0кг;шт;757.87;
Сметана Президент 30% 350гр 1*12;шт;139.45;
Сыр Бри Президент 125гр мягкий с белой плесенью Petit Brie;шт;242.07;
Сыр Бри Президент 60%  200гр 1*6;шт;313.56;
"Сыр Буррата ""Galbani"" PICOLLO 100гр 1*4";шт;124.14;
"Сыр Буррата ""Galbani"" МИНИ 125гр 1*4";шт;200.49;
Сыр мягкий с белой плесенью «Камамбер» PRESIDENT® 125гр 45% 1*8;шт;189.99;
"Сыр Маскарпоне 0,5кг ""Galbani"" 1*12";шт;444.11;
"Сыр Моцарелла в рассоле ""Galbani"" 125гр 1*6";шт;99.57;
"Сыр Моцарелла в рассоле ""Galbani"" 375гр 1*3";шт;277.92;
"Сыр Моцарелла Мини в рассоле ""Galbani"" 150гр 1*6";шт;141.73;
Сыр плавленый ломтевой с Ветчиной ПРЕЗИДЕНТ 0,150гр 1*15;шт;113.69;
Сыр плавленый ломтевой Чеддер ПРЕЗИДЕНТ 0,150гр 1*15;шт;109.45;
Сыр плавленый сливочный Президент 400гр 45% 1*8;шт;189.52;
Сыр плавленый Чеддер ПРЕЗИДЕНТ 0,140гр 1*15;шт;102.93;
"Сыр Рикотта ""Galbani"" 0,23кг 34% 1*8";шт;129;
Сыр с голубой плесенью GALBANI 62% 1*2,5;кг;1426.21;
Сыр с голубой плесенью Горгонзола GALBANI ™ 62% 125гр 1*6;шт;283.61;
Сыр Страчателла Galbani 250гр 52% 1*4;шт;263.07;
"Сыр творожный ""CREAM CHEESE PROFESSIONAL"" PRESIDENT 65% 2,2кг";шт;961.26;
"Сыр творожный из козьего молока ""Козий Chevre"" PRESIDENT 60% 140гр 1*8";шт;230.33;
Творог рассыпчатый PRESIDENT 0,2% 900гр 1*5;шт;304.3;
Творог рассыпчатый PRESIDENT 9% 900гр 1*5;шт;327.26;
ZINUS;;;
Молоко растительное Кедровое ZINUS BARISTA 1л 1*12;шт;228.62;
Молоко растительное Кокос-Банан ZINUS BARISTA 1л 1*12;шт;143.02;
Молоко растительное Кокосовое ZINUS BARISTA 1л 1*12;шт;143.02;
Молоко растительное Миндальное ZINUS BARISTA 1л 1*12;шт;143.02;
Молоко растительное Овсяное ZINUS BARISTA 1л 1*12;шт;98.28;
Молоко растительное Соевое ZINUS BARISTA 1л 1*12;шт;98.28;
Молоко растительное Фундуковое ZINUS BARISTA 1л 1*12;шт;143.02;
ЙОГУРТ СОЧИ;;;
Йогурт Греческий 1000гр YOGURT SHOP;кг;631.46;
Йогурт Кокосовый 1000гр;кг;729.17;
Мацони термостатный домашний 3,2% 170гр YOGURT SHOP;шт;104.33;
Сметана Кокосовая 1000гр YOGURT SHOP;шт;1019.6;
МАСЛО СЛИВОЧНОЕ / МАРГАРИН;;;
"Маргарин (твердый) ""Пампушка"" 82% 200гр 1*30";шт;45.52;
Масло сливочное не солёное 82% Аргентина 25кг 1*25;кг;714.17;
Масло сливочное La Paulina 82,5 % 400гр 1*6 ;шт;410.18;
"Масло сливочное Zealandia 82,5% ""Традиционное"" Kitchen 1*20кг ";кг;775.2;
Масло сливочное Zealandia 82,5% Professional (пластами по 2кг) 1*10кг;кг;940;
Масло сливочное Zealandia 82,5% Professional 20кг ;кг;905.45;
Масло сливочное Zealandia 83% Kitchen 500г 1*10;шт;392.59;
Масло сливочное Zealandia 84% 500г 1*10;шт;469.97;
"Масло сливочное ГОСТ ""Самолет"" 82,5% 10гр 1*125";шт;7.97;
"Масло сливочное КИПРИНО ""АЛТАЙСКОЕ"" 82 % 180гр 1*20 ";шт;171.52;
"Масло сливочное КИПРИНО ""АЛТАЙСКОЕ"" 82 % 200гр 1*20 ";шт;190.04;
"Масло сливочное КИПРИНО ""СОВЕТСКОЕ"" 80 % 180гр 1*20 ";шт;169.19;
Масло сливочное Тысяча Озер 400гр 82% 1*8;шт;341.39;
Подставка для бутылок DVG 1L*3 ;шт;1742.93;
Помпа черная DVG 15*2pk 8ml;шт;246.94;
"Спред растительно-жировой 82,5% ""555""  5кг";кг;199.04;
МОЛОКО;;;
"Молоко питьевое ""Милушка""  3,2% 1л 1*12";шт;65.12;
"Молоко питьевое ""Милушка"" (ультрапастеризованное) с крышкой 3,2% 1л 1*12 АКЦИЯ!!";шт;65.12;
"Молоко питьевое ""Солнышко Кубани"" 3,2% 1л 1*12 EDGE";шт;74.64;
"Молоко сгущенное цельное ВАРЕНОЕ с сахаром, жир 8,5% ""Рогачев ЕГОРКА""  ж/б 360гр 1*30";шт;111.16;
"Молоко сгущенное цельное с сахаром, жир 8,5% ""Рогачев"" ж/б 380гр 1*30";шт;107.48;
СЕРНУРСКИЙ СЫРЗАВОД;;;
"Масло сладко-сливочное несоленое ""Сернурский Сырзавод"" 82,5% 180гр1*54";шт;161.18;
"Сыр ""Marsental"" АРАБЕСК молодой 100% козье молоко ~ 1 кг";кг;2117.93;
"Сыр ""Marsental"" АРАБЕСК молодой 100% ОВЕЧЬЕ молоко ~ 1 кг";кг;2639.84;
"Сыр ""Marsental"" Арабеск из смеси козьего и коровьего молока ~1кг";кг;1252.47;
"Сыр Российский Император (50%) 200г ""Сернурский сырзавод""";шт;167.28;
Сыр Сернурский камамбер из козьего молока 50% 130г;шт;220.3;
Сыр Халумис Сернурский из коровьего молока (для жарки на гриле и на мангале!);кг;917.03;
СЛИВКИ;;;
Взбитый крем на растительном масле Blanca Lieve 250мл. 12;шт;311.33;
"Сливки ""Петмол"" 22% 1л 1*12 ";шт;331.66;
"Сливки ""Петмол"" 33% 1л 1*12";шт;411.83;
Сливки порц Альпенгурт 10% 10*10мл 1*20шт;шт;55.09;
Сливки Шантипак раст. жидкие 1*12;шт;249.83;
СМЕТАНА ;;;
"Сметана 20% м.д.ж. ""Кубанская"" ведро 5кг";шт;605.39;
СЫР / СЫРНЫЙ ПРОДУКТ;;;
"Палочки сырные ""Оригинальные"" в панировке 1,5кг 1*3";шт;872.81;
"Сыр ""Тет де Муан""52% жир (нарезка розочки) 95гр 1*12";шт;494.44;
"Сычужный продукт Гауда ""Ферма Босконе"" / ""Добрый Сыровар"" 50% брус 3-6 кг 1*15";кг;369.32;
Сыр Гауда (брус) 41% La Paulina 1*21 (4149);кг;757.1;
Сыр Гойя (твердый, выдержанный) (фасовка ~300гр) 40% La Paulina 1*2,5;кг;1498.16;
Сыр Гойя (твердый, выдержанный) 40% La Paulina 1*9,5 (1269);кг;1485.65;
Сыр Горгонзола TIROLEZ 50% 1*6;кг;1250.71;
Сыр Грана Гротта твердый Пармезан 32%;кг;1486.52;
Продукт растительно-белковый твердый;кг;3098.33;
Сыр Грюйер 51%  170гр.TM Heidi 1*10;шт;749.55;
"Сыр КИПРИНО ""АЛТАЙСКИЙ МИНИ"" твердый 50% цилиндр 1 кг ";кг;938.5;
"Сыр КИПРИНО ""ГРАН-ПРИ"" 50% 4 кг ВЕС";кг;979.05;
"Сыр КИПРИНО ""СЛИВОЧНЫЙ"" полутвердый 50% цилиндр 1,5 кг ";кг;758.29;
"Сыр КИПРИНО порц 25г*30 ""ШВЕЙЦАРСКИЙ""  50%  флоупак";шт;31.97;
"Сыр КИПРИНО порц. 25г*30 ""АЛТАЙСКИЙ""  50% флоупак";шт;31.97;
"Сыр КИПРИНО порц. 25г*30 ""ГОЛАНДСКИЙ""  45% флоупак";шт;26.74;
Сыр Кремчиз с томатами Pretto 70% ~ 0,14кг стакан;шт;118.14;
Сыр Маасдам Gold жир.45% ТМ Сырная Волость/ТМ Радость Вкуса 1*18;кг;759.56;
Сыр Моцарелла (брус) 42% La Paulina 1*21 (1272);кг;719.96;
Сыр Моцарелла д/пиццы ALTMILK Original ~2кг 1*16;кг;449.49;
"Сыр для пиццы Моцарелла ""EXPERT"" 50% Семикараковский СК PizzaMaster";кг;428.96;
Сыр Моцарелла для пиццы GRENDERBERG, м.д.ж. 45% 2кг;кг;375.47;
Сыр Моцарелла кубик GRENDERBERG, молокосодержащий продукт c ЗМЖ 45%  1*10;кг;408.94;
"Сыр ""Моцарелла"" тертая 1*10";кг;507.37;
Сыр Пармезан (твердый, выдержанный) 45% La Paulina 1*14 (5002);кг;1177.99;
Сыр плавленый ломтевой Бистро Чеддер 45% 1,107кг HOCHLAND 1*6;шт;807.94;
Сыр Раклет 50% весовой TM Heidi 1*6;кг;1695.65;
Сыр Реджанито (твердый, выдержанный) 45% La Paulina 1*14;кг;1337.92;
"Сыр Рикотта ""Unogrande Profesional"" 50% 0,5кг 1*6";шт;263.18;
Сыр Рокфорини с голубой плесенью 50%;кг;1003.41;
"Сыр ""Сбринц"" 47% жир 200гр TM Heidi 1*8";шт;753.22;
"Сыр ""Тет де Муан"" 52% жир (в фольге)";кг;3994.15;
Сыр тофу натуральный ЯСО 400гр 1*8;шт;230.85;
"Сыр тофу твердый 500гр ""Yakimal""";шт;160.09;
"Сыр фета ""Сербская Брынза"" 45% 450гр 1*6";шт;300.52;
"Сыр Фета рассольный ""Kesidis Dairy"" 43% 200гр 1*12";шт;185.9;
"Сыр Халуми для гриля рассольный ""Kesidis Dairy"" 40% 270гр 1*36";шт;249.94;
"Сыр Чеддер Красный ""Староминский"" 50% 1*8";кг;814.41;
Сыр Чеддер Красный 50% ;кг;800.19;
"Сыр Чеддер Рыжий ""Радость Вкуса"" 45% (Брус) 1*17";кг;749.91;
Сыр Чеддер Рыжий нарезанный (слайсы) 45% 0,150 1*10 (Радость Вкуса);шт;152.69;
"Сычужный продукт  Эдам ""Ферма Босконе""/ ""Добрый Сыровар"" 50% брус 5кг 1*20";кг;369.32;
"Сырники ""Классические"" 50г, AMK Foods вес 5/11кг";кг;274.53;
"Сырники ""Классические"" 75г, AMK Foods вес 11,250кг";кг;274.53;
"Сырники ""Оригинальные"" с начинкой Карамель 140г (70г*2шт)*10уп";упак;68.85;
"Шарики с сыром моцарелла ""Оригинальные"" 1,5кг 1*3";шт;849.43;
ТВОРОГ;;;
Творог 9% м.д.ж вес Лабинский 1*5кг ;шт;819.74;
Сыр творожный сливочный МИЛЕТТО 62% 3,3кг;шт;1393.99;
 2 .МАСЛО ОЛИВКОВОЕ, ФРИТЮРНОЕ, ПОДСОЛНЕЧНОЕ;;;
Масло авокадо рафинированное Avacado Oil 0,5л ст/б 1*12;шт;614.08;
Масло авокадо рафинированное Avacado Oil 1л ст/б 1*12;шт;916.46;
"Масло виноградных косточек ""La Tourangelle"" 0,5л ж/б 1*6";шт;619.46;
"Масло виноградных косточек с белым трюфелем ""La Tourangelle"" 0,25мл  ж/б 1*6";шт;1323.28;
"Масло виноградных косточек с черным трюфелем ""La Tourangelle"" 0,25мл  ж/б 1*6";шт;1323.28;
"Масло виноградных косточек с черным трюфелем ""La Tourangelle"" 1л ж/б 1*6";шт;3219;
"Масло для фритюра в канистре ""Sunny Gold"" 5л 1*3";шт;651.84;
Масло кокосовое 100% AROY-D (Extra Virgin) 180мл ст/б 1*12;шт;230.49;
Масло кокосовое 100% AROY-D (Extra Virgin) 450мл ст/б 1*12;шт;528.32;
"Масло кунжутное ""Real Tang"" 150мл стекло Китай 1*24";шт;144.83;
Масло кунжутное Real Tang 0.5л Китай ст/б 1*12;шт;312.83;
Масло кунжутное REAL TANG 1,8 л пл/бут 1*6;шт;959.34;
"Масло Маэстро де Олива"" EXTRA VIRGIN"" 1л ж/б";шт;742.05;
"Масло миндальное ""La Tourangelle"" 0,25л ж/б 1*6";шт;577.25;
"Масло оливковое первого холодного прессования Экстраверджине ""Де Чекко"" (1л) ст/б";шт;834.27;
"Масло оливковое EXTRA VERGIN 0.25л с/б ЧИЛИ ""Filippo Berio"" Premium";шт;207.52;
"Масло оливковое EXTRA VERGIN 3л ж/б ""Filippo Berio"" Premium";шт;2197.28;
Масло оливковое EXTRA VERGIN 5л ж/б (1-й отжим) Luglio 1*4;шт;2675.06;
"Масло оливковое Mild Light 1л ст/б ""Filippo Berio"" Premium НЕ ВЫПИСЫВАТЬ!!!";шт;671.39;
Масло оливковое OLIO DI SANSA 5л ж/б (рафинированное) Luglio 1*4;шт;3039.46;
Масло Маэстро де Олива 100% 1л ж/б 1*10;шт;1045.36;
"Масло оливковое рафинированное Olio di Sansa - di Oliva ""Luglio"" 1л пластиковая бутылка 1*12 ";шт;560.13;
Масло оливковое с ароматом БЕЛОГО Трюфеля 0,25л ст/б Lulglio 1*12;шт;555.42;
Масло оливковое с ароматом ЧЕРНОГО Трюфеля 0,25л ст/б Lulglio 1*12;шт;552.99;
"Масло оливковое Экстра Веджин Розмарин ""Монини"" 0,250л 1*6";шт;305.18;
"Масло подсолн.раф.дез.""Благояр"" 1л  1*15";шт;115.86;
"Масло подсолн.раф.дез.""Чистое Золото"" 1л 1*15";шт;117.16;
"Масло подсолнечное рафинированное ""Сани Голд"" 1л 1*15";шт;116.59;
Масло тыквенное нераф ж/б 250 мл *6шт Франция;шт;1254.43;
"Масло фундучное (лесной орех) ""La Tourangelle"" 1л ж/б 1*6";шт;1733.41;
 3. DE CECCO;;;
"Гарганелли  №115 ""Де Чекко"" (0,25 кг)";шт;285.76;
"Казаречче №88 ""Де Чекко"" (0,500 кг) 24";шт;180.47;
"Конкильони Ригате №126 ""Де Чекко"" (0,5кг)";шт;242.95;
"Лазанья №112 ""Де Чекко"" (0,5кг) 1*12";шт;293.28;
"Лингвине №7 ""Де Чекко"" (0,500 кг) 1*24";шт;224.8;
"Лингвине №7 ""Де Чекко"" (1кг) 1*12";шт;346.82;
"Ньокки (картофельные клецки) ""Де Чекко"" (0,500 кг) 1*12";шт;159.78;
Паккери-125 De Cecco 500гр 1*12;шт;244.14;
"Паппарделле №201 ""Де Чекко"" (0,500 кг) 1*8";шт;220.87;
"Пенне Ригате №41 ""Де Чекко"" (0,500 кг)";шт;182.49;
"Пенне Ригате №41 ""Де Чекко"" 1кг 1*12";шт;342.73;
"Перья ""Экстра-М"" №77 400гр.1/24";шт;25.5;
"Ригатони №24 ""ДеЧекко"" (0,500 кг) 1/24";шт;222.56;
"Ризо №74 ""Де Чекко"" 500гр 1*24";шт;195.42;
"Спагетти №12 ""Де Чекко"" (0,500 кг)";шт;188.43;
"Спагетти №12 ""Де Чекко"" (1кг) 1*12";шт;348.47;
"Спагетти №4 ""Экстра-М"" 400гр.1/24";шт;25.5;
"Спагеттини №11 ""Де Чекко"" 1кг 1*12";шт;353.02;
"Спиральки ""Экстра-М"" №73 400гр.1/24";шт;25.5;
"Тальятелле №203 ""Де Чекко"" (0,5кг) 1*8";шт;220.87;
"Тальятелле со шпинатом №107 ""Де Чекко"" (0,250 кг)1*12";шт;166.09;
"Фарфале №93 ""Де Чекко"" (0,500 кг)";шт;191.38;
"Фарфале №93 ТРИКОЛОР ""Де Чекко"" 0,5кг 1*12";шт;222.42;
"Феттуччине №233 ""Де Чекко"" (0,5кг) 1*8";шт;220.87;
"Фузилли №34 ""Де Чекко"" (0,500кг)";шт;191.74;
 4. BARRILLA;;;
Баветте №13 Barilla 450гр 1*24;шт;72.73;
Без глютенновые Спагетти Barilla 400гр 1*12;шт;157.24;
Лазанья Barilla 500гр 1*15;шт;175.35;
Макаронные изделия MEZZE PENNE TRICOLORE Мецце пенне трехцветные 500g 1*14 ;шт;209.74;
Пенне Ригате №73 Barilla 450гр 1*14;шт;72.36;
Пенне Ригате Без глютенновые  Barilla 400гр 1*14;шт;155.95;
Спагеттини №03 Barilla 450гр 1*24;шт;70.6;
Спагеттони №07 Barilla 450гр 1*24;шт;72.36;
Стеллине №27 Barilla 450гр 1*12;шт;71.12;
Фарфалле №65 Barilla 400гр 1*12;шт;81.48;
Феттуччине №66 Barilla 500гр 1*12;шт;180.37;
Филини Вермичелли №30 450гр Barilla  1*14;шт;74.07;
Фузилли №98 Barilla 450гр 1*12;шт;74.07;
Фузилли Без глютенновые Barilla 400гр 1*14;шт;155.95;
Челлентани 450гр Barilla  1*12;шт;74.07;
 5. КРУПЫ;;;
"Горох колотый ""Агро-Альянс Экстра"" 450гр 1*8";шт;38.22;
"Греча зеленая ""Агро-Альянс Экстра"" 450гр 1*8";шт;60.67;
"Гречневая крупа ""Агро-Альянс Экстра"" 900гр 1*12";шт;71.85;
"Киноа ""Агро-Альянс Экстра"" 450гр.1*8";шт;123.21;
Киноа черная ESORO 1кг 1*15;шт;486.32;
"Крупа пшеничная Булгур ""Агро-Альянс Экстра"" 450гр.1*8";шт;67.81;
"Крупа пшеничная Кускус ""Агро-Альянс Экстра"" 450гр 1*8";шт;78.62;
"Макаронные изделия Птитим ""Граттони"" 250гр 1*24";шт;131.9;
Макаронные изделия Птитим Pasteroni №122 Грандине 400гр 1*14;шт;69.67;
"Манная крупа элитная""Агро-Альянс Экстра"" 500гр 1*8";шт;53.54;
"Манная крупа элитная""Агро-Альянс Экстра"" 800гр 1*12";шт;45.1;
"Маш 450гр ""Агро-Альянс Экстра"" 1*8";шт;105.67;
"Нут продовольственный ""Агро-Альянс Экстра"" 450гр.1*8";шт;68.95;
"Полба целая ""Агро-Альянс Экстра"" 500гр 1*8";шт;46.04;
"Полента ""Агро-Альянс Экстра"" 450гр.1*8";шт;61.04;
"Пшено ""Агро-Альянс Экстра"" 900гр 1*12";шт;51.21;
"Рис ""Агро-Альянс Экстра-3"" для Плова  900гр 1*12";шт;103.81;
"Рис ""Агро-Альянс Экстра"" для японской кухни (Суши) 500гр 1*8";шт;66.57;
"Рис Тайский Жасмин ""Агро-Альянс Экстра"" 500гр 1*8";шт;85.66;
"Рис ""Агро-Альянс Экстра"" Кубанский КУЛОН 900гр 1*12";шт;108.26;
"Рис Кубанский Элитный ""Агро-Альянс Экстра"" 3000гр.1*12";шт;353.02;
"Рис ""Агро-Альянс Экстра"" Супер БАСМАТИ 3000гр 1*4";шт;864.07;
"Рис ""Агро-Альянс Экстра"" Супер БАСМАТИ 500гр 1*8";шт;148.71;
"Рис Элитный пропаренный ""Агро-Альянс Экстра"" 900гр 1*12";шт;90.47;
"Рис Арборио ""Ризо Виньола"" 1 кг 1*10";шт;518.27;
"Рис черный длиннозерный ""Ризо Виньола"" 1 кг 1*10";шт;423.42;
Тайский рис жасмин AROY-D 4,5кг Тайланд ;шт;812.75;
"Фасоль Red Kidney 450гр ""Агро-Альянс Экстра"" 1*8";шт;67.24;
"Хлопья овсяные ""Агро-Альянс Экстра"" 400гр 1*12";шт;38.74;
"Хлопья овсяные ""Я/С"" №2 500гр 1*9";шт;65.9;
"Чечевица красная ""Агро-Альянс Экстра"" 450гр.1*8";шт;69.31;
 6. СИРОПЫ, ТОППИНГИ;;;
DA VINCI;;;
"20629951 Сироп ""Альпийские травы"" Fruit Innovations 1л п/б Da Vinci 1*6";шт;396.73;
"20567450 Сироп ""Амаретто"" CLASSIC 1л п/б Da Vinci 1*6";шт;384.52;
"20568351 Сироп ""Ананас"" Fruit Innovations 1л п/б Da Vinci 1*6";шт;456.73;
"20566393 Сироп ""Апельсин"" CLASSIC 1л п/б Da Vinci 1*6";шт;449.8;
"20648813 Сироп ""Арбуз"" Fruit Innovations 1л п/б Da Vinci 1*6";шт;456.73;
"20624544 Сироп ""Баблгам"" CLASSIC 1л п/б Da Vinci 1*6";шт;456.73;
"20621481 Сироп ""Базилик"" CLASSIC 1л п/б Da Vinci 1*6";шт;457.15;
"20566385 Сироп ""Банан"" CLASSIC 1л п/б Da Vinci 1*6";шт;384.52;
"20629956 Сироп ""Блю курасао"" Fruit Innovations 1л п/б Da Vinci 1*6";шт;456.73;
"20629943 Сироп ""Бузина"" Fruit Innovations 1л п/б Da Vinci 1*6";шт;456.73;
"20566360 Сироп ""Ваниль"" CLASSIC 1л п/б Da Vinci (Гурмикс) 1*6";шт;344.75;
"20641501 Сироп ""Грейпфрут"" Fruit Innovations 1л п/б Da Vinci 1*6";шт;456.73;
"20583703 Сироп ""Гренадин"" Fruit Innovations 1л п/б Da Vinci 1*6";шт;384.52;
"20656100 Сироп ""Дыня"" CLASSIC 1л п/б Da Vinci 1*6";шт;341.39;
"20582236 Сироп ""Зеленое яблоко"" Fruit Innovations 1л п/б Da Vinci 1*6";шт;456.73;
"20581996 Сироп ""Имбирный пряник"" CLASSIC 1л п/б Da Vinci 1*6";шт;403.46;
"20581996 Сироп ""Имбирь"" CLASSIC 1л п/б Da Vinci 1*6";шт;403.46;
"20566363 Сироп ""Карамель"" CLASSIC 1л п/б Da Vinci (Гурмикс)1*6";шт;344.7;
"20607509 Сироп ""Каштан"" CLASSIC 1л п/б Da Vinci 1*6";шт;456.73;
"20567877 Сироп ""Клубника"" Fruit Innovations 1л п/б Da Vinci 1*6";шт;384.52;
"20567417 Сироп ""Кокос"" CLASSIC 1л п/б Da Vinci 1*6";шт;384.52;
"20567882 Сироп ""Корица"" CLASSIC 1л п/б Da Vinci 1*6";шт;341.39;
"20582251 Сироп ""Лаванда"" CLASSIC 1л п/б Da Vinci 1*6";шт;384.52;
"20579193 Сироп ""Лемонграсс"" CLASSIC 1л п/б Da Vinci 1*6";шт;384.52;
"20641383 Сироп ""Личи"" Fruit Innovations 1л п/б Da Vinci 1*6";шт;452.9;
"20607557 Сироп ""Малина"" CLASSIC 1л п/б Da Vinci 1*6";шт;384.52;
"20629955 Сироп ""Маракуйя"" Fruit Innovations 1л п/б Da Vinci 1*6";шт;456.73;
"20566379 Сироп ""Миндаль"" CLASSIC 1л п/б Da Vinci 1*6";шт;384.52;
"20629957 Сироп ""Можжевельник"" CLASSIC 1л п/б Da Vinci 1*6";шт;341.39;
"20648806 Сироп ""Огурец"" Fruit Innovations 1л п/б Da Vinci 1*6";шт;517.61;
"20568314 Сироп ""Перечная мята"" CLASSIC 1л п/б Da Vinci 1*6";шт;384.52;
"20567447 Сироп ""Персик"" CLASSIC 1л п/б Da Vinci 1*6";шт;384.52;
"20629947 Сироп ""Пряная тыква"" CLASSIC 1л п/б Da Vinci 1*6";шт;396.73;
"20567415 Сироп ""Пряный чай"" CLASSIC 1л п/б Da Vinci 1*6";шт;396.73;
"20641512 Сироп ""Ром"" CLASSIC 1л п/б Da Vinci 1*6";шт;341.39;
"20566380 Сироп ""Садовая мята"" CLASSIC 1л п/б Da Vinci 1*6";шт;384.52;
"20632510 Сироп ""Сливочный ликер"" CLASSIC 1л п/б Da Vinci 1*6";шт;341.39;
"20607560 Сироп ""Соленая карамель"" CLASSIC 1л п/б Da Vinci (Гурмикс) 1*6";шт;384.52;
"20617314 Сироп ""Соленая фисташка"" CLASSIC 1л п/б Da Vinci 1*6";шт;384.52;
"20617718 Сироп ""Тархун"" Fruit Innovations 1л п/б Da Vinci 1*6";шт;384.52;
"20617469 Сироп ""Тоффи"" CLASSIC 1л п/б Da Vinci 1*6";шт;341.39;
"20612795 Сироп ""Тростниковый сахар"" CLASSIC 1л п/б Da Vinci 1*6";шт;384.52;
"20566370 Сироп ""Фундук"" CLASSIC 1л п/б Da Vinci 1*6";шт;344.75;
"20582148 Сироп ""Черная смородина"" Fruit Innovations 1л п/б Da Vinci 1*6";шт;456.73;
"20629948 Сироп ""Черника"" CLASSIC 1л п/б Da Vinci 1*6";шт;384.52;
"20629954 Сироп ""Чинотто"" Fruit Innovations 1л п/б Da Vinci 1*6";шт;396.73;
"20632691 Сироп ""Шоколад и мята"" CLASSIC 1л п/б Da Vinci 1*6";шт;396.73;
"20567876 Сироп ""Шоколад"" CLASSIC 1л п/б Da Vinci 1*6";шт;384.52;
DOLCE ROSA;;;
"Топпинг Банановый ""Дольче Роза"" 1кг";шт;326.54;
"Топпинг Ванильный ""Дольче Роза"" 1л.1*6";шт;332.54;
"Топпинг Вишневый ""Дольче Роза"" 1л";шт;310.61;
"Топпинг Карамельный ""Дольче Роза"" 1л";шт;336.06;
"Топпинг Киви ""Дольче Роза"" 1л";шт;310.04;
"Топпинг Клубничный ""Дольче Роза"" 1л.1*6";шт;323.8;
"Топпинг Лесной орех  ""Дольче роза"" 1л 1*6";шт;331.87;
"Топпинг Малиновый ""Дольче Роза"" 1л.1*6";шт;351.73;
"Топпинг Шоколадный ""Дольче Роза"" 1л.1*6";шт;344.13;
MONIN;;;
"Сироп ""Апельсиновый сприц"" 1л ""Monin"" 1*6";шт;604.04;
"Сироп ""Вишня"" 1л ""Monin"" 1*6";шт;577.35;
"Сироп ""Жасмин"" 0,7л ""Monin"" 1*6";шт;611.39;
"Сироп ""Желтый банан"" 1л  ""Monin"" 1*6";шт;575.39;
"Сироп ""Зеленый банан 1л ""Monin"" 1*6";шт;605.17;
"Сироп ""Лимон"" 1л ""Monin"" 1*6";шт;523.46;
"Сироп ""Мед"" 0,7л ""Monin"" 1*6";шт;611.6;
"Сироп ""Мятный"" 1л ""Monin"" 1*6";шт;460.56;
"Сироп ""Фисташка"" 1л ""Monin"" 1*6";шт;635.03;
"Сироп ""Шоколадное печенье "" 1 л ""Monin"" 1*6";шт;633.89;
"Сироп ""Клубника"" 1кг ""Хайнц"" 1*6";шт;359.28;
"Сироп кленовый ""Пензенские кленоварни"" 200мл 1*12";шт;513.32;
"Сироп кленовый ""Пензенские кленоварни"" 20мл 1*96";шт;67.81;
 7. СОУС, МАЙОНЕЗ, УКСУС;;;
1. HEINZ;;;
"Горошек зеленый консервированный ""Хайнц"" ж/б 400гр 1*12";шт;130.34;
"Горошек зеленый консервированный ""Хайнц"" ж/б 400гр 1*12  ОПТ";шт;92.06;
"Кетчуп томатный ""Хайнц"" 0,8л ПЭТ 1*8";шт;192.26;
"Кетчуп томатный ""Хайнц"" 460гр (перевертыш)  1*10";шт;199.66;
"Кетчуп томатный ""Хайнц"" балк с коннектором 2кг 1*6";шт;523.92;
"Кетчуп томатный ""Хайнц"" сашет 9г 1*1000";шт;1.55;
"Кукуруза консервированная ""Хайнц"" ж/б 340гр 1*12";шт;130.61;
"Майонез ""Хайнц"" Professional 78% 5кг (ведро)";шт;1814.31;
"Майонез ""Хайнц"" Professional 78% 5кг (ведро) АКЦИЯ";шт;1341.75;
"Майонез ""Хайнц"" Легкий (пакет) 28% 2кг 1*6 ";шт;518.7;
"Соус Барбекю классический ""Хайнц ""1кг (пакет) 1*6";шт;429.83;
"Соус Бургер ""Хайнц"" 1кг балк 1*6";шт;688.82;
"Соус Горчичный ""Хайнц"" балк 0,700кг 1*7";шт;285.47;
"Соус Горчичный ""Хайнц"" балк с коннектором 2кг 1*6";шт;913.12;
"Соус Гриль ""Хайнц"" 1кг (пакет) 1*6";шт;687.94;
"Соус Дип-пот Барбекю ""Хайнц"" 25мл 1*125";шт;14.33;
"Соус Дип-пот Баффало соус томатный ""Хайнц"" 25мл 1*216";шт;14.33;
"Соус Дип-пот Брусничный ""Хайнц"" 25мл 1*125";шт;18.83;
"Соус Дип-пот Васаби ""Хайнц"" 25мл 1*125";шт;13.63;
"Соус Дип-пот Горчичный ""Хайнц"" 25мл 1*125";шт;15.21;
"Соус Дип-пот Карри ""Хайнц"" 25мл 1*125";шт;12.78;
"Соус Дип-пот Кетчуп ""Хайнц"" 25мл 1*125";шт;13.66;
"Соус Дип-пот Кисло-сладкий ""Хайнц"" 25мл 1*125";шт;14.33;
"Соус Дип-пот Сырный ""Хайнц"" 25мл 1*125";шт;15.21;
"Соус Дип-пот Сырный Parmegiano ""Хайнц"" 25мл 1*125";шт;15.21;
"Соус Дип-пот Тар-Тар ""Хайнц"" 25мл 1*125";шт;13.66;
"Соус Дип-пот Терияки  ""Хайнц"" 25мл 1*125";шт;14.33;
"Соус Дип-пот Тысяча островов ""Хайнц"" 25мл 1*125";шт;15.21;
"Соус Дип-пот Цезарь ""Хайнц"" 25мл 1*125";шт;15.21;
"Соус Дип-пот Чесночный оригинальный ""Хайнц"" 25мл 1*125";шт;15.21;
"Соус для Хот-дога ""Хайнц"" 2кг 1*6";шт;488.8;
"Соус Карри ""Хайнц"" 1кг 1*6";шт;178.3;
"Соус Кисло-сладкий ""Хайнц"" 1кг балк 1*6";шт;429.83;
"Соус Сальса жгуче-острый ""Хайнц"" 1л (пакет) 1*6";шт;429.83;
"Соус Сырный ""Хайнц"" 1кг (пакет) 1*6";шт;496.56;
"Соус Сырный Parmegiano ""Хайнц"" 1л (пакет) 1*6";шт;599.85;
"Соус Терияки ""Хайнц"" 1кг балк 1*6";шт;429.83;
"Соус Терияки ""Хайнц"" ДП 200г 1*14";шт;114.83;
"Тысяча островов соус ""Хайнц"" 1л (пакет) 1*6";шт;456.58;
Соус Цезарь оригинальный Хайнц 2кг (пакет) 1*6;шт;993.1;
"Соус Чесночный Ранч ""Хайнц"" 1л (пакет) 1*6";шт;501.58;
"Фасоль белая  в собственном соку ""Хайнц"" ж/б 400гр 1*12";шт;162.57;
"Фасоль красная в соку ""Хайнц"" ж/б 400гр 1*12";шт;162.57;
2. SANTA MARIA;;;
"Соус Гуакамоле 3 перца 500гр 1*10 ""ДФ""";шт;549.42;
"Соус Гуакамоле Классическое 500гр 1*10 ""ДФ""";шт;549.42;
3. AROY-D;;;
"Молоко кокосовое ""AROY-D"" 1000мл Tetra Pak 1*12";шт;278.13;
"Паста Карри желтая ""AROY-D"" 1кг пл/б ";шт;393.94;
"Паста Карри желтая ""AROY-D"" 400г пл/б";шт;189.47;
"Паста Карри зеленая ""AROY-D"" 400г пл/б";шт;208.56;
"Паста Карри красная ""AROY-D"" 400г пл/б";шт;179.59;
"Паста Том Кха ""AROY-D"" 1кг ";шт;556.25;
"Паста Том Кха ""AROY-D"" 400гр 1*24";шт;189.47;
"Паста Том Ям ""AROY-D"" 1кг пл/б 1*12";шт;429.58;
"Паста Том Ям ""AROY-D"" 400гр 1*24";шт;208.56;
"Паста Том Ям ""CHANG"" 400гр (пакет) 1*24";шт;258.63;
Паста Чу Хоу PRB 240г ст/б 1*24;шт;156.42;
"Соус ""Пад Тай"" AROY-D 270г пл/б 1*24";шт;133.24;
Соус Кисло-сладкий AROY-D 0,840л ст/б 1*12;шт;260.69;
Соус Кисло-сладкий AROY-D 215г ст/б 1*24;шт;104.28;
Соус Кисло-сладкий AROY-D 5,3 кг ;шт;1134.85;
Соус Рыбный пл/канистра 4,5л (5,4 кг) AROY-D 1*4;шт;1116.17;
Соус Рыбный ст/б 700мл AROY-D 1*12;шт;260.69;
Соус Терияки (для глазировки) PRB 200мл ст/б 1*24;шт;156.42;
Соус Терияки (для маринада) PRB 200мл ст/б 1*24;шт;156.42;
Соус Унаги (для морепродуктов) PRB 200мл ст/б 1*24;шт;156.42;
"Соус ""Чили сладкий для курицы"" (Sweet chilli)  ""AROY-D"" 920мл ст/б 1*12";шт;265.35;
Соус Чили сладкий для курицы AROY-D 350г ст/б 1*24;шт;133.24;
Соус Чили для курицы AROY-D 5,4кг (4,5л) пл/канистра ;шт;1262.92;
"Соус Шрирача ""AROY-D"" 510г пл/б 1*12";шт;183.73;
Тапиока в шариках AROY-D 454гр 1*50;шт;178.45;
Устричный соус высшей категории 148г ст/б 1*24;шт;98.48;
ГОРЧИЦА / ХРЕН;;;
"Горчица ""Дижонская"" ""CHATEL"" (пластиковое ведро) 1л 1*6";шт;651.27;
"Горчица ""Дижонская"" ""CHATEL"" (стекло) 370  1*12";шт;265.04;
"Горчица зернистая ""Дижонская"" ""CHATEL"" (пластиковое ведро) 1л 1*6";шт;728.81;
"Горчица зернистая ""Дижонская"" ""CHATEL"" (стекло) 350гр  1*12";шт;310.82;
Хрен сливочный KUHNE Creamed horseradish  250гр ст/б 1*6    ;шт;228;
ДЛЯ АЗИАТСКОЙ КУХНИ;;;
Дрессинг Юдзу ESORO 1л 1*12;шт;553.97;
Паста кунжутная ТАХИНИ Kandylas 350гр 1*6;шт;651.84;
Паста Табаджан ж/б 0,920 кг 1*6;шт;571.04;
Паста Табаджан п/б 0,900 кг 1*6;шт;313.92;
"Соус ""Ворчестер"" ст/б APPLE 140гр 1*12";шт;381.63;
"Соус ""Ворчестер"" ст/б APPLE 1л 1*6";шт;1712.41;
Соус Гранатовый Наршараб 400 гр 1*6;шт;320.07;
Соус для Морепродуктов Унаги PEARL RIVER BRIDGE 1,8л 1*6;шт;537.42;
"Соус из черных соевых бобов ""Lao Gan Ma"" 280гр ст/б 1*24";шт;168;
Соус КимЧи (KIMCHEE BASE) Pearl River Bridge 1,8л пл/б 1*6;шт;657.01;
Соус Кисло-сладкий для BOK Гурмикс 2кг 1*3;шт;665.49;
"Соус Крабовый ""Донгу"" ст/б 0,5л 1*12";шт;329.49;
Соус Кунжутный СУЗУКА 1,5л 1*6;шт;775.56;
Соус Пад Тай пл/б 1кг AROY-D 1*12;шт;428.7;
"Соус Рисовый Мирин ""Padam"" 20л";шт;2658.67;
Соус Рисовый Мирин, Padam 1.5л 1*6;шт;322.56;
Соус Соевый Amoy 550мл пл/б 1*24;шт;211.14;
Соус Соевый HADAY 500мл пл/б 1*24;шт;350.85;
"Соус Соевый ""Padam"" 18л";шт;2245.12;
"Соус Соевый ""Padam PREMIUM"" 18л Китай";шт;2841.77;
Соус Соевый PEARL RIVER BRIDGE 5   18,9л пл/канистра;шт;3472.45;
Соус соевый светлый супериор PEARL RIVER BRIDGE 1,8л*12, пл/канистра;шт;287.33;
Соус Соевый PRB Светлый 8л, SUPERIOR пл/канистра 1*2;шт;1102.36;
Соус соевый слабосоленный (без глютена) Pearl River Bridge 0,15л ст/б (диспенсер) 1*24;шт;111.21;
Соус соевый темный супериор Pearl River Bridge 0,5л ст/б 1*24;шт;143.43;
Соус Соевый Мидори Корея 1л 1*12;шт;247.45;
Соус Табаско с красным перцем (150 мл);шт;703.46;
"Соус Терияки ""GENZO"" 1,5л 1*6";шт;347.07;
Соус Терияки (для глазировки) PRB 1,8л 1*6;шт;521.39;
Соус Тонкацу Pearl River Bridge 1,8л пл/б 1*6;шт;709.1;
Соус Устричный Pearl River Bridge 0,51л ст/б 1*12;шт;132.05;
Соус Устричный PRB 2,4 кг пл/б 1*6;шт;544.56;
Соус Хойсин Pearl River Bridge 2,20кг пл/б 1/6;шт;560.7;
"Соус Чили для курицы ""Yakimal"" 1,8л ";шт;443.23;
"Соус Шрирача ""Uni-Eagle"" 475 гр пл/б 1*12";шт;224.95;
"Соус Шрирача ""Uni-Eagle"" 815 гр пл/б 1*12";шт;310.04;
"Уксус рисовый ""Мицукан"" PearlRiverBridge 0,5л ст/б 1*12";шт;156.47;
"Уксус рисовый (мицукан) ""Makado"" Канистра 20л";шт;1489.58;
"Уксус рисовый (мицукан) ""Marukai"" Premium 20л";шт;1477.06;
"Уксус рисовый (мицукан) ""Padam Premium"" 20л";шт;1489.58;
"Уксус рисовый (мицукан) ""Padam"" Канистра 20л";шт;1489.58;
Форма для приготовления онигири, Корея 1*160;шт;189.62;
МАЙОНЕЗ;;;
"Майонез ""Золотой"" (ОТТОГИ) 0,5кг 1*15 (Ю.Корея)";шт;307.76;
"Майонез Хеллманс ""Домашний"" 5л";шт;1151.71;
"Майонез Хеллманс ""Настоящий"" 5л";шт;1653.6;
РАСПАК;;;
"Ванильный сахар 870гр ""Сан Марино"" 1*4";шт;170.02;
"Джем клубничный ""Распак"" 20гр 1*90";шт;8.38;
"Лимонная кислота 840гр ""Сан Марино"" 1*4";шт;740.81;
Перец черный молотый0,3г 1*800 РАСПАК;шт;1.57;
Соль пищевая порционная 1гр 1*800 РАСПАК;шт;0.72;
ТОМАТНЫЕ СОУСА;;;
Томатный соус для пиццы Dolce e Italia 4,1 кг 1*3;шт;1497.02;
УКСУС / СОУС-КРЕМ;;;
Соус Кунжутный Премиум Гурмикс 2кг 1*3;шт;1004.6;
Соус Песто с итальянскими травами Гурмикс 2кг 1*3;шт;2002.33;
Соус Сеульский с арахисом Гурмикс 2кг 1*3;шт;802.98;
Соус Черный перец Гурмикс 2кг 1*3;шт;861.17;
"Соус Чили-манго Гурмикс 1кг 1*6 ""FS""";шт;384.11;
Соус-крем Бальзамический Carandini 500мл 1*12;шт;412.4;
Соус-крем бальзамический светлый 6% Prezioso Esperienza GLAZE 500мл 1*12;шт;416.13;
Соус-крем бальзамический темный 6% Prezioso Esperienza GLAZE 500мл 1*12;шт;417.37;
Уксус бальзамический ТЕМНЫЙ 6% Prezioso Esperienza 500мл 1*12;шт;253.61;
Уксус бальзамный СВЕТЛЫЙ 5,4% Prezioso Esperienza 500мл 1*12;шт;254.28;
Уксус винный натуральный белый 6% Prezioso Esperienza 1л 1*12;шт;209.28;
Уксус винный натуральный красный 6% Prezioso Esperienza 1л 1*12;шт;208.87;
Уксус винный с ароматом малины 6% CHATEL 500мл 1*6;шт;289.3;
Уксус пищевой столовый 9% 1л 1*8;шт;40.14;
Уксус Хересный 7% CHATEL 500 мл ст/б*6 шт;шт;352.09;
"Уксус яблочный 5% ""Chatel"" 500мл 1*6";шт;303.78;
"Соус Перечный ""Луизиана"" Оригинальный 177 мл (ст/б) 1*24";шт;262.45;
"Соус Перечный ""Луизиана"" Хабанеро 88мл (ст/б) 1*12";шт;141.31;
Соус Песто De Cecco 190гр ст/б 1*12;шт;240.57;
Соус Самбал 185г AYAM ст/б 1*6;шт;195.26;
"Соус Сливовый ""Ли Кум Ки"" 397г. ст.бут. 1*12 ";шт;317.69;
"Соус сырный Чеддар ""Sauchef"" 2.8кг ж/б 1*4";шт;1906.89;
"Соус салатный ""Цезарь"" 500мл. ст/б 1*7шт";шт;229.97;
 8. МУЧНЫЕ ИЗДЕЛИЯ, МУКА, МАКАРОНЫ;;;
Лингвини с чернилами каракатицы 3,2% 500гр;шт;305.18;
"Мука ""Макфа"" в/с 2кг 1*6";шт;107.07;
Мука Ржаная 2кг 1*6;шт;128.64;
"Мука ""Французская штучка"" сорт экстра 2кг 1*6  ";шт;139.3;
"Мука ""Французская штучка"" ЦЕЛЬНОЗЕРНОВАЯ сорт Обойная 2кг 1*6  ";шт;128.95;
"Мука из мягких сортов пшеницы ""5 Stagioni"" типа 00 ""Классика"" (голубой принт) 1кг 1*10";кг;186.68;
"Мука из мягких сортов пшеницы ""5 Stagioni"" типа 00 ""Классика"" (голубой принт) 25кг";шт;4386.27;
"Мука из мягких сортов пшеницы 00 ""GOLD"" 5 Stagioni"" 10кг (красный лейбл)";шт;1749.03;
"Мука из мягких сортов пшеницы типа 00 ""Манитоба"" (коричневый принт) ""5 Stagioni"" 10кг";шт;2160.5;
"Мука из мягких сортов пшеницы 00 ""Пицца Наполетана"" 5 Stagioni"" (розовый принт) 1кг 1*10";кг;220.61;
"Мука из мягких сортов пшеницы 00 ""Пицца Наполетана""""5 Stagioni"" (розовый принт) 25кг";шт;4210.21;
"Мука из твердых сортов пшеницы СЕМОЛА ""5 Stagioni"" 10кг";шт;2511.35;
"Мука  из твердых сортов пшеницы СЕМОЛА ""5 Stagioni"" 1кг 1*10";кг;243.57;
"Печенье Савоярди ""Elledi Gastone Lago"" 200гр 1*24";шт;147.16;
"Печенье Савоярди ""Elledi Gastone Lago"" 400гр 1*10";шт;289.3;
"Полента мука кукурузная ""Molino Favero"" Брамата 1кг 1*10";шт;242.54;
 9. КОНСЕРВАЦИЯ (Фруктовая, Овощная, Рыбная);;;
LUTIK Ананас кольцами в сиропе 580мл 1*12;шт;128.15;
LUTIK Ананас кольцами в сиропе 850мл 1*12;шт;213.99;
LUTIK Груши очищенные в сиропе 850мл ж/б 1*12;шт;178.5;
LUTIK Манго ломтиками в сиропе 425мл 1*12 ж/б;шт;124.5;
LUTIK Мандарины дольками в сиропе 314 мл 1*12 ж/б;шт;89.07;
LUTIK Персики очищенные половинки в сиропе 850мл ж/б 1*12;шт;215.43;
Ананасы кольца SUNFEEL 3100мл (3000г) 1*6шт ;шт;535.72;
"Анчоусы филе в подсолнечном масле жб/б ""MIKELE"" 700/400гр 1*12";шт;2441.42;
"Анчоусы филе в подсолнечном масле ст/б ""MIKELE"" 700/385гр 1*6";шт;2249.16;
Анчоусы филе в подсолнечном масле Vecchio Molo (стекло) 157/86гр 1*12;шт;556.55;
"Артишоки по-римски в масле ""И.П.О.С.Е.А."" (510 мл) ст/б*12 шт.";шт;634.82;
"Грибное лукошко ""Бояринъ"" (маслята, опята, грузди) маринованные 314мл ст/б 1*12";шт;111.62;
"Грибы Грузди ""Боярин"" 3100мл ж/б";шт;547.87;
"Грибы Грузди отборные маринованные ""Боярин"" 580гр ст/б 1*12";шт;177.68;
"Грибы Опята маринованные ст/б 314мл ""Бояринъ"" 1*12";шт;124.81;
Каперсы Лакримелла с ножкой 530мл IPOSEA ст/б 1*12;шт;677.08;
"Каперсы Пунтина Лакримелла в уксусе""И.П.О.С.Е.А."" (720 мл) ст/б 1*6шт";шт;610.87;
"Консервы каша ""Губернаторская по-дом греч с говядиной"" (ГП) 340г ж/б  1*20";шт;67.81;
"Корнишоны 3-6см ж/б 3100мл 1*6 ""БОЯРИНЪ""";шт;657.42;
"Корнишоны 3-6см ст/б 720мл 1*8 ""БОЯРИНЪ""";шт;153.62;
"Личи в сиропе ""AROY-D"" 565гр ж/б 1*24";шт;277.66;
"Личи в сиропе ""MAKANAN"" 565гр ж/б 1*24";шт;237.52;
Лучок серебряный KUHNE Dried Tomatoes 170гр ст/б 1*10;шт;146.59;
Маслины FEDERICI Гигантские без косточки 400г  ж/б 1*12;шт;204.57;
Маслины FEDERICI Гигантские с косточкой 420г ж/б 1*12;шт;200.85;
Маслины FEDERICI Супергигант с костью 3кг ж/б 1*6;шт;977.5;
Маслины без косточки 290 мл ж/б  1*12 Green King Испания;шт;78.16;
"Маслины без косточки 300 мл ж/б  1*12 ""БОЯРИНЪ""";шт;93.09;
"Маслины Супергигант с/к ""Маэстро дэ Олива"" 420гр. ж/б 1*12";шт;215.85;
"Огурцы 6-9см ж/б 3100мл 1*4 ""БОЯРИНЪ"" Кубань-Ти";шт;512.7;
"Огурцы 6-9см ж/б 3100мл 1*6 ""БОЯРИНЪ"" Индия имп";шт;478.15;
"Огурцы маринованные 3000мл слайсы (резанные кольцами) ж/б ""С-С""";шт;541.66;
Огурцы маринованные 4250мл (2,12кг) слайсы (резанные кольцами) ж/б Бояринъ 1*3;шт;668.08;
Огурцы маринованные слайсы Праздничные в/п 1 кг Боярин 1*10;шт;195.11;
Огурцы маринованные слайсы Праздничные в/п 1,5 кг Боярин 1*10;шт;181.92;
"Оливки FEDERICI ""Гигантские"" без косточки 400г ж/б 1*12";шт;200.9;
"Оливки FEDERICI ""Гигантские"" с косточкой 3кг ж/б 1*6";шт;1183.57;
Оливки MAESTRO DE OLIVA Гигант с костью 3кг ж/б 1*6;шт;1237.78;
Оливки без косточки 290 мл ж/б  1*12 Green King Испания;шт;81.83;
"Оливки без косточки 300 мл ж/б  1*12 ""БОЯРИНЪ""";шт;94.5;
"Оливки без косточки 3100мл (1,445кг) ж/б 1*6 ""БОЯРИНЪ"" Испания";шт;863.04;
"Оливки Гигант б/к ""Маэстро дэ Олива"" 410гр ж/б 1*12";шт;219.73;
"Оливки Каламата с косточкой ""ASTIR"" 250гр пакет 1*14";шт;384.11;
Оливки Таджарские б/к в масле Cinguina 980г/650г 1*6;шт;1415.71;
Паста из Тамаринда пл/б AROY-D 454гр 1*24;шт;185.38;
Перец Халапеньо зеленый резанный кольцами ж/б Vitaland 2,85кг / 1,65кг 1*4;шт;492.42;
Перец Халапеньо резанный кружочками маринованный La Costena ж/б 199г 1*24 ;шт;112.45;
Перчики черри красный со сливочным сыром 0,7кг Meggle Srbija d.o.o. 1*4;шт;864.32;
Перчики Чили острые без содержания масла KUHNE Chili baby-pepper 330г ст/б 1*10;шт;228.26;
Печень трески в/с 230гр ПРЕМИУМ 1*48;шт;320.13;
"Помидорчики ""Черри"" с зеленью и чесноком ст/б 720мл ""Бояринъ"" 1*8";шт;109.09;
"Пюре Манго из Мьянмы 430г ж/б ""Люблю Жизнь"" ";шт;197.02;
Сливки Кокосовые AROY-D  560мл ж/б 1*24;шт;208.56;
Сливки Кокосовые KATI 1л TetraPak (эквивалент обычным 22%) 1*12;шт;289.66;
"Томатная паста ""ПАЯ"" 800гр 1*9";шт;183.73;
Томаты очищен. в с/с MAYSUN 2650мл ж/б 1*6шт Италия ;шт;608.7;
Томаты очищен.давленые в собственном соку Dolce E Italia Polpa 10кг, Италия;шт;2566.75;
Томаты очищенные целые в томатном соке Rosso Gargano Pelati 2,550кг 1*6;шт;677.08;
Томаты очищен.целые в томатном соке Rosso Gargano Pelati 800г 1*12;шт;195.78;
Томаты очищен.целые в томатном соке ВЕГДА 2,650 1*6;шт;666.53;
"Томаты сушеные в масле ""И.П.О.С.Е.А."" 0,9кг ст/б 1*6";шт;984.84;
"Томаты сушеные в масле ""И.П.О.С.Е.А."" 1,6кг ст/б 1*6";шт;1661.92;
Тунец консервированый в собственном соку 1700г ж/б (SeaFood Line) 1*6 Вьетнам;шт;1065.54;
Тунец филе в собственном соку 1кг ArtiSeafood (пауч-пакет) 1*6;шт;915.53;
"Филе сельди маринованная ""Матиас"" 1000гр 1*3 Санта Бремор";шт;419.23;
10. СОЛЬ, САХАР, КРАХМАЛ;;;
Крахмал картофельный 1кг 1*10;шт;275.33;
Кукурузный крахмал 1кг Cook_ME 1*8;шт;391.66;
Пальмовый сахар AROY-D 454г;шт;162.21;
Сахар-песок фасовка по 5 или 10 кг ;кг;81.62;
Сахар порционный белый 5гр 1*2000;шт;0.67;
Сахар тростниковый коричневый кусковой 500гр SUN SUGAR 1*12;шт;236.38;
Сахар тростниковый коричневый песок 500гр SUN SUGAR 1*12;шт;220.45;
"Сахарная пудра ""Распак"" 1кг 1*6";шт;202.09;
"Сахарная пудра ""Распак"" 300гр 1*22";шт;63.47;
Сода пищевая 500гр 1*24;шт;36.1;
Соль каменная 1 кг 1*20/21;кг;30.52;
Соль морская Cristal Flakes 70 гр 1*10;шт;118.45;
Соль морская Sriracha 65 гр. 1*10;шт;119.28;
"Соль морская крупная ""Атлантика"" 1кг 1*15 ";шт;67.14;
Соль хлопья натуральные 0,5кг;шт;589.67;
11. СПЕЦИИ, ПРИПРАВЫ, МАРИНАДЫ;;;
KOTANYI;;;
Агартин, Желирующая смесь с агаром KOTANYI, п/б 210г 1*6;шт;525.84;
Анис звездчатый (бадьян) целый п/б 70г KOTANY 1*6;шт;406.04;
Апельсиновый перец KOTANYI, п/б 475г 1*4;шт;750.32;
Базилик измельченный сух KOTANYI 180 гр п/б 1*6;шт;419.8;
Ваниль бурбонная в стручках 1 штука KOTANYI, пакет 1*25;шт;388.4;
Гвоздика целая  KOTANYI, п/б 400г ;шт;1876.95;
Гриль Аргентина KOTANYI, п/б 830г 1*6;шт;1315.99;
Имбирь молотый KOTANYI, п/б 150г ;шт;473.44;
Итальянские травы KOTANYI п/б 63г 1*6;шт;315.01;
Кориандр молотый KOTANYI, п/б 460гр 1*6;шт;487.97;
Кориандр целый KOTANYI, п/б 380г ;шт;476.44;
Корица молотая KOTANY п/б 600г 1*6;шт;628.46;
Корица целая KOTANY п/б 350г  1*6;шт;913.44;
733811 Кумин (Зира) целый п/б 140г KOTANY 1*6;шт;458.36;
Куркума молотая KOTANYI, п/б 640г ;шт;805.67;
Лавровый лист целый сушеный п/б 60г KOTANY 1*6;шт;322.04;
Майоран измельченный п/б 60г KOTANY 1*4;шт;216.46;
Масло Тыквенное из Штирии KOTANYI Gourmet 500мл 1*6;шт;1684.63;
Мускатный орех молотый KOTANYI, п/б 400г ;шт;1258.57;
Мускатный орех целый KOTANYI, пакет 9г ;шт;90.26;
734111 Нити Чили сушеные KOTANYI п/б 45гр 1*6;шт;637.82;
Орегано (Душица) измельченный сушеный KOTANYI, п/б 135г 1*6;шт;626.38;
Паприка копченая молотая KOTANYI, п/б 625гр 1*6;шт;1287.69;
Паприка сладкая молотая KOTANYI, п/б 640гр 1*6;шт;998.91;
Паприка хлопья KOTANYI, п/б 345гр 1*6;шт;877.77;
Перец Белый молотый KOTANYI, п/б 370г 1*4;шт;1402.26;
Перец Белый молотый KOTANYI, п/б 650г 1*6;шт;2605.12;
Перец Душистый горошек KOTANYI, п/б 440г 1*6;шт;1457.38;
Перец зеленый горошек KOTANYI, п/б 110г 1*4;шт;643.3;
Перец Пиппали длинный KOTANYI, п/б 400г 1*6;шт;1011.69;
Перец Розовый целый сушеный KOTANYI, п/б 320г 1*6;шт;2191.78;
Перец Черный горошек KOTANYI, п/б 600г 1*6;шт;1297.57;
Перец Черный дробленный KOTANYI, п/б 630г 1*6;шт;1818.91;
Перец Черный копченный KOTANYI, п/б 400г 1*6;шт;1106.93;
Перец Черный молотый KOTANYI, п/б 600г 1*6;шт;1257.43;
Перец Чили Кайенский молотый KOTANYI, п/б 500г 1*6;шт;749.75;
Перец Чили Пепперончини дробленые KOTANYI, п/б 110гр 1*6;шт;361.56;
Перец Чили Пепперончини стручки KOTANYI, п/б 240г 1*6;шт;1162.67;
Перец Чили черри Wiri Wiri KOTANYI, п/б 45г 1*6;шт;663.79;
Приправа Апельсиновая Оранжина KOTANYI, п/б 205г 1*6;шт;422.64;
Приправа для Глинтвейна и Пуншей KOTANY пакет 10г;шт;70.5;
258311 Приправа для картофеля KOTANYI п/б 1250гр 1*6;шт;780.42;
Приправа для картофеля по-техасски с копченной паприкой KOTANYI п/б 270гр 1*6;шт;422.6;
Приправа для курицы KOTANYI п/б 1140гр 1*6;шт;1021.72;
Приправа для плова KOTANYI, п/б 615г 1*6;шт;805;
Приправа для рыбы KOTANYI, п/б 850г 1*6;шт;1129.16;
"Приправа для украшения блюд ""Охотничья"" KOTANYI п/б 285гр 1*4";шт;976.52;
Приправа для фахиты KOTANYI, п/б 480гр 1*4;шт;811.25;
242711 Приправа для шашлыка KOTANYI п/б 950гр 1*6;шт;1117.61;
Приправа Имбирная Лебкухен KOTANYI, п/б 175г 1*6;шт;549.32;
Приправа Карри (порошок) KOTANYI, п/б 590г 1*6;шт;712.3;
Приправа Креольская Каджун KOTANYI, п/б 290г 1*6;шт;493.92;
Приправа Лимонная Цитронет KOTANYI, п/б 213г 1*6;шт;583.35;
Приправа Мангонетт KOTANYI п/б 260гр 1*4;шт;482.34;
Приправа Соль для размягчения мяса KOTANYI, п/б 1650г 1*6;шт;1061.5;
Приправа Тако KOTANYI, п/б 405гр 1*4;шт;613.1;
Приправа Томаты & Оливки KOTANYI, п/б 465г 1*6;шт;1120.62;
Приправа Харисса KOTANYI п/б 215гр 1*6;шт;579.01;
Прованские травы KOTANYI п/б 270г 1*6;шт;793.25;
Розмарин нарезанный KOTANYI, п/б 230г 1*4;шт;409.77;
264611 Смесь четырех видов перца горошкек KOTANYI п/б 570гр 1*6;шт;1819.39;
248711 Смесь перцев дробленая KOTANYI п/б 660гр 1*6;шт;2509.02;
Смесь трав Азиатская KOTANYI п/б 136гр 1*6;шт;365.02;
Смесь цветочная KOTANYI 62гр 1*6;шт;1004.65;
Соль Гималайская Розовая крупная KOTANYI, п/б 400г 1*6;шт;213.78;
Спрей для выпекания со вкусом Сливичного масла KOTANYII, жир специального назначения, м/б 500мл 1*6;шт;586.92;
Спрей для жарки и выпекания KOTANYI, жир специального назначения, м/б 500мл 1*6;шт;557.03;
Тимьян измельченный сушеный KOTANYI, п/б 215г 1*6;шт;760.51;
Томатная приправа Томатино KOTANY п/б 155г 1*6;шт;529.35;
Хмели-Сунели KOTANY п/б 450г 1*6;шт;706.87;
Чеснок гранулированный с солью KOTANYI, п/б 860г 1*6;шт;1164.02;
Чесночная паста KOTANYI, п/б 1кг 1*15;шт;904.05;
Чипотле молотый (халапеньо копченый) KOTANYI, п/б 400г 1*6;шт;1092.12;
Шафран KOTANYI 2гр 1*10;шт;1953.14;
Экстракт ванили (сироп) KOTANYI, ст/б 148гр 1*6;шт;3446.93;
Экстракт ванили (сироп) KOTANYI, ст/б 29гр 1*8;шт;550.25;
Ягоды можжевельника целые KOTANYI п/б 250гр ;шт;736.56;
SANTA MARIA;;;
1. ФУД СЕРВИС;;;
"Санта Мария ""Базилик"" РР 145гр 1*6";шт;412;
"Санта Мария ""Васаби с Кунжутом"" 295гр 1*6";шт;595.77;
"Санта Мария ""Перец Апельсиновый"" 300гр 1*6";шт;457.56;
"Санта Мария ""Перец Душистый молотый"" 430гр РР 1*6";шт;1249.78;
"Санта Мария ""Перец Зеленый горошек"" 165гр РР 1*6";шт;1149.54;
"Санта Мария ""Тмин (семена целые)"" 420гр РР 1*6 ";шт;288.11;
2. РИТЕЙЛ;;;
"Санта Мария ""Маринад Терияки"" 75 гр 1*20";шт;64.76;
"Санта Мария ""Розмарин.Органик "" 10 гр 1*15";шт;85.35;
РЕЗЕРВ ТПХ;;;
Барбарис РЕЗЕРВ 400гр 1*8;шт;564.32;
Кардамон целый РЕЗЕРВ 500гр 1*12;шт;3558.47;
Карри РЕЗЕРВ 850гр 1*8;шт;405.52;
Перец Сычуаньский РЕЗЕРВ 350гр 1*12;шт;1081.05;
Перец черный горошек 800гр РЕЗЕРВ 1*8;шт;865.46;
Перец черный молотый 900гр РЕЗЕРВ 1*8;шт;906.02;
Соль Сванская РЕЗЕРВ 1400гр 1*8;шт;781.67;
Сумах РЕЗЕРВ 900гр 1*12;шт;611.23;
Уцхо-Сунели 800гр РЕЗЕРВ 1*8;шт;534.01;
Фенхель РЕЗЕРВ 600гр 1*8;шт;486.01;
Хмели-Сунели 650гр РЕЗЕРВ 1*12;шт;533.08;
Шалфей РЕЗЕРВ 280гр 1*12;шт;314.69;
Эстрагон РЕЗЕРВ 220гр 1*8;шт;504.01;
Ягоды Годжи РЕЗЕРВ 650гр 1*12;шт;1106.92;
12. ОРЕХИ, МЁД;;;
Мед натуральный цветочный 1кг пл/б 1*6;шт;289.87;
Мука Миндальная AYDIN 1кг 1*10;кг;862.26;
13. ШОКОЛАД, КОНДИТЕРСКОЕ;;;
"Вишня коктейльная красная с веточкой ""Делькофф""";шт;584.49;
"Глазурь ""Пуратос"" (горячий гель) Армони нейтральная 12,5кг";шт;2537.73;
"Горячий шоколад ""Barry Callebaut"" 1кг 1*6";шт;957.12;
Дрожжи 500 гр Саф-инстант 1*20шт;шт;299.13;
Желатин листовой Говяжий 1кг 1*20 (Китай) ;шт;2363.63;
ЗИ-КРЕМ смесь сухая для заварного крема 15кг;шт;3221.02;
Какао порошок темн/красн Barry Callebaut 100% 1кг 1*6;шт;1241.66;
Какао-масло (порошок) Mycryo Callebaut 0,6 кг;шт;1534.06;
Кокосовая стружка 1000гр ;шт;463.46;
Краситель гелевый жидкий Белый 100мл;шт;155.85;
Краситель гелевый жидкий Желтый 100мл;шт;123.11;
Краситель гелевый жидкий Зеленый 100мл;шт;123.11;
Краситель гелевый жидкий Красный  100мл;шт;206.74;
Краситель гелевый жидкий Розовый 100мл;шт;126;
Краситель гелевый жидкий Синий (Васильковый) 100мл;шт;115.97;
Посыпка вафельная крошка Paillete Feuilletine Callebaut 2,5кг 1*4;шт;3274.97;
Разрыхлитель теста 650г 1*4 Сан Марино ;шт;250.3;
Тарталетка Бризе 44мм 250*1 ;упак;2326.44;
Тарталетка Стандарт (сладкая) 44мм 250*1;шт;2453.83;
"Шоколад белый 25,9% ""Barry Callebaut"" таблетки 2,5кг 1*8";шт;2612.37;
Шоколад белый Velvet Callebaut 33% 2,5кг 1*8;шт;3083.17;
"Шоколад горький 70,5% ""Barry Callebaut"" таблетки 2,5кг 1*8";шт;2606.37;
"Шоколад молочный 33,6% ""Barry Callebaut""  таблетки 2,5кг 1*8";шт;2461.95;
"Шоколад темный 54,5% ""Barry Callebaut"" таблетки 2,5кг 1*8";шт;2360.88;
"Шоколад цветной Розовый (STRAWBERRY) ""Barry Callebaut"" таблетки  2,5кг 1*4";шт;4151.91;
14. KNORR;;;
Кнорр говяжий бульон 2кг 1*4;шт;1077.59;
Кнорр грибной бульон 2кг;шт;1307.5;
Кнорр Картофельное пюре 15 кг;шт;8989.81;
Кнорр куриный бульон 2кг 1*4;шт;1035.53;
Кнорр овощной бульон 2кг;шт;1274.5;
Кнорр рыбный бульон 2 кг 1*4;шт;2187.97;
"Специи свежии в масле Итальянские Травы ""Primerba"" KNORR 340гр 1*2";шт;1117.26;
"Специи свежии в масле Прованские Травы ""Primerba"" KNORR 340гр 1*2";шт;1400.82;
15. КОФЕ, ЧАЙ, СОК;;;
"Кофе зерна Дель Арабика "" Коста Рика ""500г";шт;3026.22;
"Кофе зерна Дель Арабика ""Бразил Сантос"" 0,5кг 1*15";шт;1758.65;
"Кофе зерна Дель Арабика ""Кения"" 500гр 1*15";шт;2607.46;
"Кофе зерна Дель Арабика ""Эль Сальвадор"" 500гр 1*15";шт;2631.77;
"Кофе зерна Дель Арабика ""Колумбия Меделлин Супремо"" 500гр";шт;2863.81;
"Кофе молотый Дель Арабика ""Арабика Женьшень""250г 1*12";шт;927.79;
"Кофе молотый Дель Арабика ""Бразил Сантос"" 0,25 кг";шт;812.08;
"Кофе молотый Дель Арабика ""Кения АА"" 250 гр. 1*12";шт;600.01;
"Кофе молотый Дель Арабика ""Колумбия Меделлин Супремо"" 250гр";шт;881.38;
"Кофе молотый Дель Арабика ""Коста Рика"" 250гр";шт;958.29;
"Кофе молотый Дель Арабика ""Эль Сальвадор"" 250гр 1*12";шт;1237.83;
"Кофе молотый Дель Арабика ""Эфиопия Харенна"" 250гр";шт;1481.4;
Чай пакетики для чашки TEACO 150шт;шт;929.5;
17. GIULIANO TARTUFI (Трюфель и продукция с трюфелем);;;
Крем трюфельный 460г (стекло) Giuliano Tartufi 1*12;шт;2120.21;
Масло оливковое EXTRA VERGIN с белым трюфелем Giuliano Tartufi 100мл. спрей стекло;шт;866.39;
Набор QUATTRO: 1.Соус грибной трюфельный САЛЬСА ТАРТУФАТА 50гр, 2.Крем трюфельный (Crema Tartufa) 45гр. 3.Соус грибной трюфельный САЛЬСА НЕРА АЛЬ ТАРТУФО (с чернилами каракатицы) 45гр, 4.Масло оливковое аром. белым трюфелем 55мл;шт;1810.38;
Ньокки картофельные с черным трюфелем (GNOCCHI DI PATATE AL TARTUFO) Giuliano Tartufi, 250гр 1*12;шт;739.67;
Оливки Белле ди Чериньола без косточки на гриле (Olive Belle di Cerignola denocciolate grigliate), 230гр 1*12;шт;309.32;
Приправа трюфельная (SPOLVERATA DI TARTUFO), 30гр 1*12;шт;582.94;
Рис с трюфелем Giuliano Tartufi, 350гр 1*12;шт;662.08;
Соус фруктовый из апельсинов (Сальса ди аранче), 110гр 1*6;шт;424.15;
Тальятелле с белым трюфелем Giuliano Tartufi, 250гр 1*12;шт;516.22;
Трюфель черный целый, стекло 70гр (чистый вес 50гр) 1*12;шт;1957.79;
18. КОКОСОВЫЕ НАПИТКИ FOCO;;;
"Вода Кокосовая Органическая""FOCO"" 1л TetraPak";шт;240.83;
"Вода Кокосовая с манго ""FOCO""  330 мл, 100% натуральная, БЕЗ САХАРА 1*12";шт;97.61;
"Вода Кокосовая с соком граната ""FOCO"" 330 мл, 100% натуральная, БЕЗ САХАРА 1*12";шт;102;
"Вода Кокосовая с соком личи ""FOCO""  330 мл, 100% натуральная, БЕЗ САХАРА 1*12";шт;102;
"Вода Кокосовая с соком розовой гуавы ""FOCO""  330 мл, 100% натуральная, БЕЗ САХАРА 1*12";шт;102;
"Нектар манго ""FOCO"" 330 мл, 100% натуральный ";шт;111.26;
PARMALAT;;;
"502018 Молоко ""Белый город"" 2,5% УТП 1л 1*16 Brik";шт;78.52;
"Молоко ""Белый город"" 3,2% УТП 1л 1*16 Brik";шт;83.64;
"502314 Молоко ""Пармалат"" 1,8% 1л УТП 1*12";шт;102.33;
"812635 Молоко ""Пармалат"" 1,8% 1л 1*12 Brik ";шт;103.76;
Молоко Пармалат 3,5% 0,2л 1*27;шт;34.04;
"Молоко ""Пармалат"" 3,5% УТП (с колпачком) 1л 1*12 Edge";шт;94.61;
"Молоко ""Пармалат"" 3,5% 1л БЕЗ КРЫШКИ 1*16 Brik";шт;79.66;
586877 Молоко Пармалат БЕЗЛАКТОЗНОЕ 1,8% 1л 1*12 Edge С КРЫШКОЙ;шт;106.86;
587029 Молоко Пармалат БЕЗЛАКТОЗНОЕ 1,8% 1л 1*16 Brik БЕЗ КРЫШКИ;шт;104.85;
Молоко Пармалат для детского питания 3,5% 0,2мл 1*27 ;шт;34.04;
"502408 Молочно-шоколадный коктейль ""Чоколатта итальяна"" Пармалат 1,9% 0,5л 1*24";шт;79.92;
"502444Молочный коктейль ""Ваниль"" Белый город 1,5% 0,5л 1*12";шт;65.02;
"812592 Молочный коктейль ""Ваниль"" Белый город 1,5% 0,5л Brik 1*24";шт;69.62;
"812570 Молочный коктейль ""Клубника"" Белый город 1,5% 0,2л 1*12";шт;35.54;
"587050 Молочный коктейль ""Клубника"" Белый город 1,5% 0,5л 1*24 Brik";шт;69.62;
"812594 Молочный коктейль ""Черника"" Белый город 1,2% 0,5л Brik 1*24";шт;69.62;
"Молочный коктейль ""Шоколад"" Белый город 1,2% 0,2л 1*12/27";шт;35.54;
"Молочный коктейль ""Шоколад"" Белый город 1,2% 0,5л 1*12";шт;69.62;
"812595 Молочный коктейль ""Шоколад"" Белый город 1,2% 0,5л Brik 1*24";шт;69.62;
"502437 Молочный коктейль ""Шоколад"" Белый город 1,2% 1л 1*12";шт;96.11;
"812157 Молочный коктейль с кофе ""Кофе латте итальянский"" Пармалат 2,3% 0,250л 1*12";шт;55.19;
"502416 / 812584 Молочный коктейль с кофе ""Кофе латте итальянский"" Пармалат 2,3% 0,5л 1*24";шт;79.92;
"812156 Молочный коктейль с кофе и какао ""Капучино итальянский"" Пармалат 1,5% 0,250л 1*12";шт;55.19;
"502414 Молочный коктейль с кофе и какао ""Капуччино итальянский"" Пармалат 1,5% 0,5л 1*24";шт;79.92;
"Морс ягодный Клюква ""4 сезона"" 1л 1*12";шт;121.97;
Мякоть помидора POMI 1л (TetraPak) 1*12;шт;226.25;
586865 Кокосовый напиток с витаминами ультрапастеризованный Santal Brik 1л 1*6;шт;185.18;
586871 Миндальный напиток с витаминами ультрапастеризованный Santal Brik 1л 1*6;шт;185.18;
586867 Соевый напиток с витаминами ультрапастеризованный Santal Brik 1л 1*6;шт;281.02;
547754 Напиток Сокосодержащий Вишня Santal 1л 1*12;шт;143.59;
Напиток Сокосодержащий Гранат Santal 1л 1*12;шт;142.4;
Напиток Сокосодержащий из красного Грейпфрута Santal 1л 1*12;шт;142.35;
Нектар Банановый Santal (для детского питания) 1л 1*12;шт;149.33;
311011 Протертые помидоры POMI (TetraPak) 1кг 1*12;шт;228.99;
586976 Резанные томаты POMI 4,1кг жб 1*3;шт;1015.52;
586888 Сливки безлактозные Пармалат 11% 0,5л 1*24;шт;142.24;
"504014 Сливки ""Белый Город"" 10% 0,5л 1*24 Slim";шт;108.11;
"Сливки ""Белый город"" 10% 1л 1*16 Brik";шт;158.59;
"Сливки ""Белый Город"" 20% 0,5л 1*24 Slim";шт;168.93;
"Сливки ""Белый город"" 33% 1л 1*16 Brik";шт;380.95;
587043 Сливки Пармалат 11% 0,5л 1*24 Brik;шт;120.11;
586990 Сливки Пармалат 11% 1л 1*12 Edge;шт;167.95;
510016 Сливки для соуса Пармалат 23% 0,5л 1*12 Edge;шт;194.64;
587044 Сливки Пармалат 23% 0,5л для соуса 1*24 Slim;шт;208.24;
"586776 Сливки ""Пармалат"" 35% 0,2л  1*12 Edge";шт;126.73;
"587045 Сливки ""Пармалат"" 35% 0,5л  1*24 Slim";шт;274.92;
"502511 Сливки ""Пармалат"" 35% УТП (с колпачком) 1л 1*12 Edge";шт;410.16;
587024 Сливки Пармалат CHEF 35% 1л 1*16 Brik;шт;410.16;
547714 Сок Апельсиновый Santal (для детского питания) 1л 1*12;шт;114.82;
Сок Томатный Santal (для детского питания) 1л 1*12;шт;149.33;
547716 Сок Яблочный Santal (для детского питания) 1л 1*12;шт;109.55;
Томатный соус для пиццы со специями POMI 4100г;шт;962.86;
10.ЯПОНСКАЯ КУХНЯ;;;
Бульон куриный концентрированый Гурмикс 2кг 1*3;шт;1539.96;
"Бумага рисовая (круглая) ""Aroy-D""22см 50 листов 1*44";шт;278.13;
Васаби порошок FUMIKO Premium 1кг 1*10;шт;639.06;
"Васаби порошок PREMIUM RISMA 1кг 1*10 (Острый как язычок твоей бывшей;)) ";шт;605.29;
"Водоросли ""KOMBU"" (морская капуста) 1кг 1*10";шт;1226.92;
"Водоросли суш НОРИ ""Tidorri"" уп.100 листов";шт;781.31;
Водоросли сушенные НОРИ RISMA Premium 100 листов (230гр) 1*96;шт;812.5;
Водоросли сушеные Вакаме 500г 1*20 Китай ;шт;935.6;
"Грибы древесные Муэр ""Namura"" 0,25кг Китай 1*10";шт;432.94;
Грибы древесные пресованные Муэр 0,280кг Китай;шт;432.94;
"Грибы консервированные ""Намеко"" 0,4кг 1*24";шт;208.24;
Грибы ЦаоГу для супа Том Ям 400г 1*24 ;шт;289.3;
Грибы Шиитаки сушеные  0,25кг 1*40 ;шт;449.34;
"Имбирь маринованный БЕЛЫЙ ""RISMA"" 1кг 1*10";шт;190.81;
"Имбирь маринованный Белый ""Tabuko"" 1кг 1*10";шт;178.55;
"Имбирь маринованный РОЗОВЫЙ ""RISMA"" 1кг 1*10";шт;147.73;
Коврик для суши бамбуковый NAMURA 1*200;шт;83.54;
Корейская заправка для моркови Гурмикс 5кг 1*3;шт;2434.7;
Корейская заправка для моркови Острая Гурмикс 5кг 1*3;шт;2963.79;
Креветочные чипсы REAL TANG 227гр*60 шт;шт;88.55;
"Кунжут белый очищенный жаренный ""Ника"" 1кг 1*16";шт;418.61;
"Кунжут белый очищенный жаренный ""Хикари"" 1кг 1*15";шт;418.46;
"Кунжут белый очищенный нежаренный ""Хикари"" 1кг 1*15";шт;401.33;
"Кунжут черный жаренный ""HANSEY"" 1кг 1*15";шт;469.04;
Лапша в/м KEKESHI 0,6кг*8;шт;195.52;
"Лапша рисовая 0,8мм (ROBOT) 0,5кг ""Mai Lao da"" 1*24";шт;147.36;
Лапша рисовая 10мм AROY-D 454гр 1*30;шт;161.12;
Лапша рисовая 3мм AROY-D 454гр 1*30;шт;168;
Лапша рисовая 5мм AROY-D 454гр 1*30;шт;168.11;
Лапша Соба гречневая KEKESHI 300гр (Китай) 1*40;шт;59.85;
Лапша Удон пшеничная KEKESHI 300гр (Китай) 1*40;шт;57.86;
"Лапша Фунчоза ""Risma"" 500гр (Китай) Брикет 1*30";шт;178.61;
Лапша Фунчоза KEKESHI 500гр BRICKET (Китай) 1*30;шт;196.97;
Лапша Фунчоза KEKESHI 500гр CUTTET (Китай) 1*30;шт;196.97;
"Лапша Яичная ""Risma"" 300гр (Китай) 1*40";шт;54.26;
Лапша Яичная KEKESHI 0,3кг (Китай) 1*40;шт;78.78;
Лапша Яичная KEKESHI 0,4кг (Казахстан) 1*30;шт;78.78;
Лапша Яичная Mai A Yi 1кг 1*12;шт;254.9;
Листья бамбука солёные (уп/100лист) 5*21 см 1*30;шт;270.88;
Маринад для шашлыка по-кавказски Гурмикс 5кг 1*3;шт;1387.94;
Маринад Тайский Чили Гурмикс 5кг 1*2;шт;3377.95;
Мука для кляра (темпура) ОТТОГИ 1кг 1*10;шт;427.25;
Рисовая мука AROY-D 400гр 1*20 (Красный принт);шт;121.55;
Палочки бамбуковые (для еды) 23см 3000*1;шт;1.6;
"Панировочная смесь Оригинальная ""Гурмикс"" 2кг 1*3";шт;460.3;
"Панировочная смесь Острая ""Гурмикс"" 2кг 1*3";шт;479.08;
"Панировочные сухари ""ОТТОГИ"" 1кг (Корея) 1*6";шт;491.96;
"Панировочные сухари панко ""Kaneshiro"" PREMIUM 1кг 1*10";шт;295.45;
"Паста соевая светлая ""Shiro Miso"" 1кг 1*10";шт;227.59;
"Паста соевая темная ""Aka Miso"" 1кг 1*10";шт;227.75;
Приправа Аджино-Мото 454гр 1*50;шт;171.31;
Приправа Маджик-Мото 450гр ;шт;158.28;
Приправа Мясная Дашида 1кг;шт;976.41;
"Приправа Пять специй ""Усяньмянь"" 350гр 1*20";шт;139.19;
"Редька маринованная ""Hansey"" 0,6кг 1*20";шт;153.88;
"Редька маринованная ""HIKARI"" 0,55кг 1*20";шт;150;
"Рис для суши ""Shinaki"" 25кг 1*1";шт;3356.95;
Рисовые палочки 500г Токи Поки Корея;шт;293.69;
Ростки бамбука (полоски) 0,54 кг ж/б;шт;185.43;
Ростки соевых бобов 370мл (330г), Китай 1*12;шт;141.57;
Рыбный бульон Хондаши 1кг;шт;562.56;
Салат Чука (из морских водорослей) уп по 1кг 1*10 MR;шт;282;
Салат Чука (из морских водорослей) уп по 1кг 1*10 Risma;шт;415.09;
Салат Чука (из морских водорослей) уп по 2кг 1*1;шт;915.53;
Соус черно-перечный СТМ Chang 825г Тайланд 1*12;шт;522.06;
Стружка тунца сушеная БОНИТО 0,5кг 1*6;шт;1672.37;
"Японский десерт Моти ""Апельсин"" 43г 1*20";шт;153.83;
"Японский десерт Моти ""Банан с шоколадом"" 43г 1*20";шт;153.83;
"Японский десерт Моти ""Ваниль"" 43г 1*20";шт;153.83;
"Японский десерт Моти ""Вишневый трюфель"" 43г 1*20";шт;153.83;
"Японский десерт Моти ""Дыня"" 43г 1*20";шт;153.83;
"Японский десерт Моти ""Зеленый чай"" 43г 1*20";шт;139.66;
"Японский десерт Моти ""Карамель"" 43г 1*20";шт;153.83;
"Японский десерт Моти ""Клубника"" 43г 1*20";шт;153.83;
"Японский десерт Моти ""Лесная Черника"" 43г 1*20";шт;153.83;
"Японский десерт Моти ""Маракуйя"" 43г 1*20";шт;153.83;
"Японский десерт Моти ""Медовый Гранат"" 43г 1*20";шт;153.83;
"Японский десерт Моти ""Паннакотта"" 43г 1*20";шт;139.66;
"Японский десерт Моти ""Сладкий Арбуз"" 43г 1*20";шт;153.83;
"Японский десерт Моти ""Тропическое манго"" 43г 1*20";шт;153.83;
